{
"NomApplication": "Demandes d'Interventions",
"GestionInfoDesSites": "Gestion des informations supplémentaires d'un site",
"VeuillezChoisirUnSite": "Veuillez choisir un site.",
"ddeAvecSousLieu": "Demande avec sous-lieu ?",
"siteAAccesRestreint": "Site à accès restreint ?",
"quiAAcces": "Qui à accès ?",
"VeuillezChoisirUneAPI": "Veuillez choisir une API pour le site.",
"VeuillezChoisirUnTimeZone": "Veuillez choisir un timezone pour le site.",
"Precedent":"Anterior",
"Retour":"Voltar",
"Creer":"Criar",
"Enregistrement":"Salvar",
"Annuler":"Cancelar",
"Fermer":"Fechar",
"Enregistrer":"Salvar",
"EnregistrerLesDonnees":"Salvar os dados",
"SaisissezLesInformations":"Preencher as informações",
"Rechercher":"Procurar",
"BoutonCloturer":"Fechar",
"BoutonMailCA":"Mail ao CA",
"BoutonMailDemandeur":"Mail ao solicitante",
"BoutonMauvaiseAffectation":"Atribuição Errada",
"AucuneDemandeCorrespondante":"Nenhuma demanda correspondente",
"SupprimerDemande":"Excluir demanda",
"SousTitre":
		{
			"administrationgestionSiteChoix":"Gestion d'un site",
			"administrationgestionSite":"Gestion du site",
			"demandesAfficheDemande":"Nova demanda de intervenção",
			"mesdemandesAfficheDemande":"Consultar/Modificar uma demanda de intervenção", 
			"mesdemandesmesdemandes":"Minhas demandas",
			"mesdemandesAfficheAvisDemande":"Sua aprovação sobre a demanda tratada", 
			"majmaj":"Pesquisa de uma demanda de intervenção", 
			"indicateurschoix_export":"Exportar demandas ao Excel",
			"affectationAfficheDemande":"Atribuição à uma demanda de intervenção",
			"indicateursindicateurs":"Exportar demandas ao Excel",
			"administrationCommunication":"Comunicação",
			"administrationStats":"Estatísticas de utilização",
			"affectationaffectation":"Lista de demandas aguardando atribuição",
			"administrationadministration":"Administração"
        },
"Prenom":"Nome",
"Onglet_NouvelleDemande":"Nova demanda",
"Onglet_MesDemandes":"Minhas demandas",
"Onglet_Affectation":"Atribuição",
"Onglet_MiseAJour":"Tratamento",
"Onglet_Indicateurs":"Indicadores",
"Onglet_Administration":"Administração",
"GestionDesSites":"Gestão dos sites",
"GestionDesProblemes":"Gestão das intervenções",
"GestionDesSousProblemes":"Gestão das sub-intervenções",
"GestionDesLieuxIntervention":"Gestão de locais de intervenção",
"GestionDesTpsReaction":"Gestão de tempo de reação",
"GestionDesTpsDepannage":"Gestão de tempo de resolução de problemas",
"GestionDesSousLieuxIntervention":"Gestão de níveis",
"GestionDesUtilisateurs":"Gestão de usuários",
"GestionComm":"Gestão da comunicação",
"GestionDesSocietes":"Gestão de empresas executoras",
"IndicateurExportExcel":"Exportar as demandas para o Excel",
"ListeDesProblemes":"Lista de intervenções",
"ListeDesLieuxIntervention":"Lista de locais de intervenção",
"Intitule":"Intitulado",
"ModifierCeProblme":"Modificar a intervenção",
"AucunProblemesEnregistre":"Nenhuma intervenção foi salva",
"ModifierLieuxIntervention":"Modificar o local de intervenção",
"AucunLieuxInterventionEnregistre":"Nenhum local de intervenção foi informado",
"RetourMenuDadministration":"Voltar ao menu de administração",
"SelectionnezUnProbleme":"Selecione uma intervenção",
"SelectionnezUnLieuxIntervention":"Selecione um local de intervenção",
"VousDevezSaisirUnIntitule":"Você deve obrigatoriamente informar um encarregado",
"FormulaireDeSaisieDunProbleme":"Formulário de preenchimento de intervenção",
"SaisissezLintituleDuProbleme":"Informe o encarregado pela intervenção",
"RevenirALaListeDesProblemes":"Abrir a lista de intervenções",
"FormulaireDeSaisieDunLieuxIntervention":"Formulário de preenchimento de local intervenção",
"SaisissezLintituleDuLieuxIntervention":"Preenchimento do encarregado do local de intervenção",
"RevenirALaListeDesLieuxIntervention":"Abrir a lista de locais de intervenção",
"ListeDesSocietes":"Lista de empresas interventoras",
"Nom":"Nome",
"Actif":"Ativa",
"Inactif":"Inativa",
"Oui":"Sim",
"Non":"Não",
"ModifierCetteSociete":"Modificar esta empresa",
"AucuneSocieteEnregistre":"Nenhuma empresa cadastrada",
"titreExport":"Demanda de intervenção",
"TabOuiNon":
{
	"0":"Não",
	"1":"Sim"
},
"SelectionnezUneSociete":"Selecione uma empresa",
"VousDevezSaisirUnNom":"Voce deve fornecer um nome",
"FormulaireDeSaisieDuneSociete":"Formulário de cadastro de empresas",
"NouvelleDemandeDeTravaux":"Nova demanda de intervenção",
"LesChampsMarquesDunAsterisque":"Os campos marcados por um <strong class=\"RnoMandatory\">*</strong> são obrigatórios.",
"SaisiPar":"Preenchimento por",
"PersonneAContacter":"Demandante",
"cdc":"Centro de custo",
"LieuIntervention":"Local de intervenção",
"SousLieuIntervention":"Nível",
"AjouterLieuASelection":"Adicionar um local à seleção",
"RetirerLieuDeSelection":"Remover um local da seleção",
"PreciserLieuSiBesoin":"Precisar um local",
"NatureDesTravaux":"Natureza da intervenção",
"Probleme":"Intervenção",
"Probleme2":"Intervenção de nível 2",
"Designation":"Designação",
"PanneBloquante":"A pane é blocante?",
"RaisonPanneBloquante":"Se sim, Porque?",
"LieuEtDemandeur":"Local e demandante",
"PanneBloquanteAlt":"Pane blocante?",
"AjouterDocs":"Adicionar documentos",
"DocsAssocies":"Documentos associados à demanda",
"BoutonEnregistrerWithDocs":"Salvar a demanda e adicionar documentos",
"Aucun":"Nenhum documentos está associado à demanda",
"BoutonValider":"Validar",
"AttributionDeLaDemande":"Atribuição da demanda",
"DateDebutIntervention":"Data do início da intervenção",
"DateFinIntervention":"Data do fim da intervenção",
"Commentaire":"Comentário",
"ResolutionDeLaDemande":"Resolução da demanda",
"AucunBatimentsDesigne":"Nenhum prédio foi designado",
"ModificationDemandeDeTravaux":"Modificação de uma demanda de intervenção",
"CloturerLaDemande":"Encerrar a demanda",
"ConfirmationClotureDemande":"Você confirma o encerramento da demanda?",
"SocietesIntervenantes":"Empresas intervenientes",
"Nom":"Nome",
"Tel":"Telefone",
"Fax":"Fax",
"AucuneSocieteAssociee":"Nenhuma empresa está associada a esta demanda",
"PanneBloquantedesc":"Blocante às suas atividades e/ou intervenção de segurança",
"CreeeLe":"Criado o",
"EnvoyeeLe":"Enviado o",
"TraiteeLe":"Tratado o",
"EnCoursDepuisLe":"Em tratamento desde",
"Bloquante":"Blocante",
"Relancer":"Reiniciar",
"Relancee":"Reiniciado",
"RelanceeLe":"Reiniciado o",
"SurRelancer":"Tem certeza que deseja reativar esta demanda?",
"DemandeRelanceOK":"A reativação de sua demanda de intervenção foi bem sucedida",
"DemandeAEteRelance":"Esta demanda de intervenção foi reativada",
"CommentaireRelance":"Comentário de reativação",
"RechercheDemandetravaux":"Procurar uma demanda de intervenção",
"SaisissezLesCriteres":"Preencher os diferentes critérios de pesquisa",
"NumeroFicheIntervention":"Número da ficha de intervenção",
"VeuillezTaperUnNumerique":"Por favor informe um número",
"ChargeDaffaire":"Encarregado da execução",
"Dispatcheur":"Despachante",
"Tempspreaction":"Tempo previsto para a reatividade",
"Tempsdepannage":"Tempo previsto para a execução",
"CommentaireAffectation":"Comentário para a atribuição",
"AvancementTravaux":"Avanço das intervenções",
"EtatNonDebute":"Não iniciado",
"EtatAffecteCA":"Atribuído - Aguardando a recepção",
"EtatEnCours":"Em realização",
"EtatTermine":"Terminado",
"EtatMauvaiseAffectation":"Atribuição incorreta",
"Tous":"Todos",
"Annee":"Ano",
"LancerLaRecherche":"Execute a pesquisa",
"LancerLaRechercheBrut": "Export au format CSV",
"SelectionnezUnEtat":"Selecione um estado",
"SelectionnezUnCA":"Selecione um CA",
"SocietesExistantes":"Empresas existentes",
"SocietesChoisies":"Empresas selecionadas",
"VotreAvis":"Sua aprovação",
"Avis":"Aprovação",
"TexteAvis":
{
	"1":"--",
	"2":"-",
	"3":"+",
	"4":"++"
},
"ResultatDeLaRechercheAffectation":"Lista de demandas aguardando atribuição",
"ResultatDeLaRecherche":"Resultado da pesquisa",
"PasDeReponses":"Sem respostas",
"NumeroFiche":"N° ficha",
"DateDemande":"Data da demanda",
"ChargeAffaire":"Encarregado da execução",
"LieuxDintervention":"Local de intervenção",
"Etat":"Estado",
"ExplicationAffichageFiche":"Para visualizar a ficha desejada, clique sobre o pequeno esquerda.",
"NonDetermine":"Não determinado",
"ModifierLaDemande":"Modificar a demanda",
"ConsulterLaDemande":"Consultar a demanda",
"EnvoyerMailCA":"Enviar um e-mail ao encarregado da execução desta demanda",
"EnvoyerMailDemandeur":"Enviar um e-mail à pessoa a contatar para esta demanda",
"MesDemandes":"Minhas demandas",
"SupprimerCetteSociete":"Excluir empresa",
"ImprimerDemande":"Imprimir a demanda",
"DonnerAvis":"Dar sua aprovação",
"IndicateurDemandesPourUnBatiment":"Indicador de demandas por prédio",
"IndicateurDemandesPourUnProbleme":"Indicador de demandas por intervenções",
"IndicateurDemandesAnnee":"Indicador de demandas sobre um ano",
"RepartitionSurUnBatiment":"Repartição das demandas por intervenção em um prédio",
"RepartitionSurUnProbleme":"Repartição das demandas por prédio por intervenção",
"RepartitionSurUneAnnee":"Repartição das demandas durante um ano",
"TitreIndicateursBatiment":"Número de demandas",
"AxeXIndicateursBatiment":"Problemas",
"TitreIndicateursProbleme":"Número de demandas",
"AxeXIndicateursProbleme":"Prédios",
"TitreIndicateursAnnee":"Número de demandas",
"AxeXIndicateursAnnee":"Mês",
"NombreDeDemandes":"Número de demandas",
"ListeEtat":
{
	"0":"",
	"1":"",
	"2":"",
	"3":"",
	"4":""
},
"MsgDateExportNonSaisie":"O período de extração das demandas de intervenção é incorreto",
"LaDateDemande":"Data de demanda de intervenção",
"EntreLe":"entre",
"EtLe":"e",
"InferieurDateTraitement":"deve ser inferior à data de tratamento",
"Janvier":"Jan.",
"Fevrier":"Fev.",
"Mars":"Mar.",
"Avril":"Abr.",
"Mai":"Mai.",
"Juin":"Jun.",
"Juillet":"Jul.",
"Aout":"Ago.",
"Septembre":"Set.",
"Octobre":"Out.",
"Novembre":"Nov.",
"Decembre":"Dez.",
"VeuillezSaisir":"Por favor informe:",
"ContactOblig":"- um contato",
"SiteOblig":"- um site",
"ProblemeOblig":"- uma intervenção",
"Probleme2Oblig":"- uma intervenção",
"LieuOblig":"- um local",
"SousLieuOblig":"- um nível",
"LieuPrecisOblig":"- um local preciso",
"CAOblig":"- um encarregado de execução",
"DateDebutIntervOblig":"- a data do inicio da intervenção",
"HeureDebutIntervOblig":"- a hora do inicio da intervenção",
"MinDebutIntervOblig":"- minutos de inicio da intervenção",
"DateFinIntervOblig":"- a data do fim da intervenção",
"HeureFinIntervOblig":"- a hora do fim da intervenção",
"MinFinIntervOblig":"- minutos de fim da intervenção",
"AvisOblig":"- sua aprovação",
"MsgHeureFinNonSaisie":"O horário de fim não foi preenchido corretamente",
"LaDateDebut":"A data de inicio",
"InferieurDateFin":"deve ser inferior à data de fim",
"MailIci":"aqui",
"MailPriseCompteSujet":"Posta em execução a sua demanda de intervenção N°",
"MailPriseCompteCorps":"A demanda de intervenção N°#id_demande foi atribuída ao encarregado pela execução #NomCA.<br>Você pode acompanhar a evolução de sua demanda #AQUI,",
"MailDesignationCASujet":"Atribuição da demanda de intervenção N°",
"MailDesignationCACorps":"A demanda de intervenção N°#id_demande foi atribuída a você.<br>Você pode recuperar os dados relativos a esta demanda #AQUI.",
"MailMajSujet":"Avanço da demanda de intervenção N°",
"MailMajCorps":"Os dados referentes a sua demanda de intervenção N°#id_demande foram modificados.<br>Você poderá consultar o avanço da demanda #AQUI.",
"MailClotureSujet":"Encerramento da demanda de intervenção N°",
"MailClotureCorps":"Sua demanda de intervenção N°#id_demande acaba de ser encerrada.<br>Você pode consultar os dados associados à esta demanda #AQUI.",
"MailClotureCorps2":"<br>Você poderá dar a aprovação sobre o seu tratamento",
"MailRelanceSujet":"Reativar a demanda de intervenção N°",
"MailRelanceCorps":"Você reativou a demanda de intervenção N°#id_demande.<br>Você poderá consultar os dados desta demanda #AQUI.",
"MailSuiviAvisSujet":"Notificação de reprovação seguido da resolução da demanda",
"MailSuiviAvisCorps":"Uma reprovação foi emitida pelo demandante em seguida ao encerramento da demanda #id_demande.<br>Você poderá consultar os dados desta demanda #AQUI.",
"SiteCAOblig":"Selecione um site para o encarregado da execução",
"SiteAdminOblig":"Selecione um site para o administrador",
"FonctionSeulementDispatcheur":"Esta funcionalidade é reservada aos administradores e despachante de encarregados de execução",
"GestionDesTypesProblemes":"Gestão de tipos de intervenção",
"GestionDesNaturesProblemes":"Gestão de natureza de intervenção",
"TypeProbleme":"Tipo de intervenção",
"NatureProbleme":"Natureza de intervenção",
"TypeProblemeOblig":"- um tipo de intervenção",
"NatureProblemeOblig":"- uma natureza de intervenção",
"AvisTexte":"Aprovação",
"Ok":"Ok",
"confSupprDemande":"Você deseja excluir esta demanda?",
"supprStatutBloquant":"Alterar o status blocante desta demanda?",
"excelCountLbl": "Le temps de réponse peut être long, suivant les critères que vous avez renseignés",
"site":"Site",
"interventionLocation":"Local",
"specifyLocation":"Sub-local",
"interventionType":"tipo de intervenção",
"interventionNature":"Natureza da intervenção",
"level2Intervention":"Intervenção de nível 2",
"attachment":"Attachments",
"attachmentLabel":"Example: .docx, pdf, jpeg, png",
"dragLabel":"Drag and drop",
"file":"File",
"url":"Url",
"urlPlaceholder":"Enter the Url",
"LangueGe":"German",
"LangueBr":"Brazilian",
"LangueEn":"English",
"LangueEs":"Spanish",
"LangueFr":"French",
"LangueIt":"Italian",
"LanguePo":"Portuguese",
"LangueRo":"Romanian",
"LangueRu":"Russian",
"LangueTu":"Turkish",
"Annuaire":"Directory",
"Matricule":"Identification number",
"BoutonRechercher":"Search",
"BoutonAutreRecherche":"Other search",
"noResultats":"no results",
"Action":"Action",
"ProblemeAllocation":"problema",
"ProblemeAllocation":"Problems",
"LangueTable": 
		{
			"Al":"German",
			"Br":"Brazilian",
			"En":"English",
			"Es":"Spanish", 
			"Fr":"French",
			"It":"Italian", 
			"Po":"Portuguese", 
			"Ro":"Romanian",
			"Ru":"Russian",
			"Tu":"Turkish"
		},
"BoutonAccepter":	"Accept",
"BoutonAjouter":	"Add",
"BoutonAnnuler":	"Cancel",
"BoutonAnnulerSaisie":	"Cancel the Input",
"BoutonConfigurer":	"Configure",
"BoutonCorriger":	"Correct",
"BoutonConsulter":	"Browse",
"BoutonContinuer":	"Go on",
"BoutonDetailler":	"Detail",
"BoutonEnregistrer":	"Save",
"BoutonEnvoyerSignature":	"Send to validation",
"BoutonFermer":	"Close",
"BoutonFermerFenetre":	"Close this window",
"BoutonModifier":	"Modify",
"BoutonOuvrir":	"Open",
"BoutonPrecedent":	"Previous",
"BoutonPublier":	"Publish",
"BoutonRefuser":	"Reject",
"BoutonSigner":	"Sign",
"BoutonSuivant":	"Next",
"BoutonSupprimer":	"Delete",
"BoutonToutEffacer":	"Erase all",
"BoutonTraduire":	"Translate",
"BoutonQuitter":	"Quit",		
"OngletEtatsSynthese":	"Synthesis reports",
"OngletAdministration":	"Administration",
"OngletAide":	"Help",
"OngletAPropos":	"About",
"IconeExcelAlt": "Ouvrir cette page sous Excel",
"IconeImprimerAlt": "Print",	
"Documentation":	"Documentation",
"CommentaireDocumentation":	"User documentation regarding the application",
"Aproposde":	"About",
"CommentaireAproposde":	"General information about the application",
"CommentaireAnnuaire":	"Search for a person in the directory",
"MoteurRecherche":	"Search engine",
"CommentaireMoteurRecherche":	"Search for a VSF web document",
"Introduction":	"Introduction",
"AproposDe":	"About",
"Presentation":	"Presentation",
"PagePrecedente":	"Previous page",
"PageSuivante":	"Next page",
"Imprimer":	"Print",
"FermerCetteFenetre":	"Close this window",
"Apropos":	"About",
"QuelleApplication":	"Which Application ?",
"InfoGenerales":	"General information",
"Ousuisje":	"Where am I ?",
"PasInfoDispo":	"No information available.",
"Quisuisje":	"Who am I ?",
"CommentAccederAppli":	"How to access this application ?",
"MesInfoPerso":	"My personal informations",
"QuellesAutorisations":	"What Authorisations ?",
"MesAutorisationsAppli":	"My Authorisations for access to this application",
"Securite":	"Security",
"SecuriteConfidentialite":	"Security and confidentiality",
"TexteSecurite":	"This application is strictly intended for use by Renault staff and its partners",
"Msg_enregistrement_en_cours":	"<b><i>Saving under process...</i></b>\n",
"Msg_enregistrement_en_cours_txt": "The information is being recorded ... \n",
"Msg_suppression_en_cours":	"<b><i>Deletion under process...</i></b>\n",
"Msg_suppression_des_autorisations_en_cours": "Removing current access permissions",
"Msg_erreur_enregistrement":	"An error occured during the saving. Contact the hotline on 11000 and provide with the messages on this page Thank you.",
"Msg_erreur_suppression":	"An error occured during the deletion. Contact the hotline on 11000 and provide with the messages on this page Thank you.",
"Utilisateur":	"User",
"Email":	"E-mail",
"CompteWeb":	"Web Account",
"IPN":	"IPN",
"nom":	"surname",
"prenom":	"name",
"matricule":	"identification number",
"email":	"e-mail",
"CourrierElectronique":	"electronic mail",	
"Date":	"Date",	
"et":	"and",
"Le":	"The",
"La":	"The",
"Un":	"A/An",
"Une":	"A/An",
"Active":	"Active",
"Tout": "All",
"TitreGeneriqueApplication":	"Application title",
"SousTitreGeneriqueApplication":	"Application subtitle",
"RetourPageAcceuil":	"Return to the Web home page",
"TitreMaintenance":	"Application under Maintenance",
"TexteMaintenance":	"The application is currently under maintenance.<br>We are trying our best to rectify the situation at soon as possible<br>Sorry for the inconvenience.",
"Organisation":	"Organisation",
"Societe":	"Company",
"Departement":	"Division",
"Departements":	"Divisions",
"Dpt":	"Dept",
"Direction":	"Department",
"Service":	"Department",
"Services":	"Departments",
"Section":	"Section",
"Sections":	"Sections",
"societe":	"company",
"departement":	"division",
"service":	"department",
"section":	"section",
"API":	"API (IPA)",
"AdressePostaleInterne":	"internal postal address",
"Telephone":	"Telephone",
"MessagerieVocale":	"Voice mail",
"Mevo":	"Voice mail",
"Libelle_mois": 
		{
			"1":"Janurary",
			"2":"February",
			"3":"March",
			"4":"April", 
			"5":"May",
			"6":"June", 
			"7":"July", 
			"8":"August",
			"9":"September",
			"10":"October",
			"11":"November",
			"12":"December"
		},
"Libelle_jour": 
		{
			"Mon":"Janurary",
			"Tue":"February",
			"Wed":"March",
			"Thu":"April", 
			"Fri":"May",
			"Sat":"June", 
			"Sun":"July"
		},
"ErreurAcces":	"Authorisation error",
"VousNAvezPasAccesACetteApplication":	"You are not authorised to access this application<br>Please contact the person in charge.",
"FonctionSeulementAdmin":	"This functionality is reserved to administrators.",
"DocumentsAssocies": "Associated Documents",
"ListeDesDocs": "List of documents",
"BoutonDocument":	"Add/Modify", 
"AjouterDocument":	"Add a document",
"AjouterDocumentAlt":	"Add a new document",
"ModifierDocument":	"Modify one of the following fields",
"ModifierDocumentAlt":	"Modify the current document",
"AbscenceDocument":	"Please choose a file",
"AbscenceURL":	"Please enter URL",
"AbscenceIntitule":	"Please enter a title",
"Fichier":	"File",
"FichierExistant":	"existing file",
"FichierRemplace":	"file that will be replaced",
"OuURL":	"or Url",
"BoutonTester":	"Test",
"BoutonTesterAlt":	"Test this URL.",
"Nouveau":	"New",
"TailleIcone":	"Size of icons",
"Type":	"Type",
"Apercu":	"Preview",
"TailleOctet":	"Size(bytes)",
"TailleFichier": "File size",
"Par":	"By",
"OuvrirDoc":	"Click to open the document",
"OuvrirLien":	"Click to open the link",
"transfert": "Add file",
"attenteTransfert": "The document is being transferred. Please wait",
"DetailOrganisation": "Organisation details",
"XPersonnesAppartenantAOrg": "people are affected to this organization",
"SousTitreAutorisation": "Access authorisations",
"CritereAuto": "Scope for this actor",
"VousAutorisez": "You give access to",
"AvecRoles": "with this role",
"Roles": "Roles",
"RetourPagePrecedent": "Back to previous page",
"EnregistrerAuto": "Save",
"AuMoinsUnRole": "You must select at least one role",
"ParamManquant": "Warning : missing parameters : ID_AUTO ou USERNAME_WEB ou ID_GROUPE ou US ou CCA ou SITE ou CATEGORIE",
"DuDepartement": "of division",
"DuService": "of service",
"DeLaSection": "of section",
"LeDepartement": "The division",
"LeService": "The service",
"LaSection": "The section",
"UnDepartement": "A division",
"UnService": "A service",
"UneSection": "Ae section",
"QuiEstCE": "Who is ?",
"GroupeOrganiIndividu": "Group/people",
"Groupes": "Groups",
"Groupe": "Group",
"Individus": "People",
"NewAuto": "Define role and scope for a new actor",
"RefActeurs": "Actors/roles already defined",
"AutoriserGroupe": "Give access to a group",
"AutoriserGroupe_Alt": "Give access to people from the same group",
"AutoriserOrgani": "Give access to people from the same organization",
"AutoriserOrgani_Alt": "Give access to people from the organization (Direction, Service, UET)",
"AutoriserIndividu": "Give access to a people",
"AutoriserIndividu_Alt": "Give access to a people",
"RechercheAnnuOblig": "Search for the people in directory",
"AlerteAbscencePerso": "You must chose a people\\n",
"AlerteRechercheAnnu": "\nYou can search the e-mail directory to find the person you are looking for",
"ChoisirIndividu": "Choose a specific people",
"BoutonRechercheAnnu": "Search in the directory",
"SelectionnerRoles": "Select a role",
"RetourListeAuto": "Go back to authorizations list",
"RetourListeGroupes": "Go back to groups list",
"AlerteAbscenceGroupe": "You must select a group !",
"BoutonEnvoyerMail_desc": "Send a mail to checked people",
"EtapeAutorisation": 
		{
			"PROFIL":{
				"1":"Give access to a group",
				"2":"Group filtering",
				"3":"Role and scope"
			},
			"ORG":{
				"1":"Give access to an organization",
				"2":"Organization filtering",
				"3":"Role and scope"
			},
			"SITE_CAT":{
				"1":"Give access to a site or category of staff",
				"2":"Role and scope"
			},
			"USER":{
				"1":"Give access to a people",
				"2":"Role and scope"
			},
			"CCA":{
				"1":"Choose a Cost Center",
				"2":"",
				"3":""
			}
},
"ChoisissezLeGroupeQueVousDesirezAutoriser": "Select the group you wish to give access to this application",
"SelectionnerGroupe": "Select a group",
"ListeDesGroupes": "Groups list",
"DecriptionGroupe": "Description of the group",
"ListePersonneGroupe": "People in this group",
"VoirListePersonne": "Watch list of selected people",
"OrganisatDansGroupe": "Select the organization to filter the group",
"AlerteOrganisatOblig": "You must select an organization",
"AutorisatCommentair2": "You can filter people",
"AutorisatCommentair3": "Select the organization you wish to provide an access",
"RestreindreGroupe": "Filter the group",
"NePasRestreindGroupe": "Do no filter the group",
"A_AccentGrave": "to",
"SelectionnerOrganisat": "Select an organization",
"SelectionnerDptSceSect": "Select a division, a service or a section",
"PersonnesSelectionnes": "selected <br>people",
"Actions": "Actions",
"FiltrerLignes": "Filter lines",
"ToutesLignes": "All lines",
"SupprimerLigne": "Delete this line",
"ModifierLigne": "Modify this line",
"ComparerAutorisation": "Compare this individual permission with the permission of the organization/group",
"PasLigneAffichee": "No result",
"PasActeurDefinit": "No actor has been defined. Select an actor to give access to",
"ListePersAutorisees": "Names of authorized people",
"ComfirmSupprLigne": "Do you really want to delete this line ?",
"LeGroupe": "The group",
"Erreur": "Error",
"AutoExisteDeja": "(This authorization already exists)",
"CompteInactif": "Inacive account",
"SelectionObligatoire": "You must select a scope for this actor",
"VeuillezCorrigerInfo": "Please correct above informations",
"AccesSeulAdmin": "Only administrators are authorised to carry out authorisations",
"AccesSeulRedac": "Only redactors are authorised to carry out authorisations",
"SupprimerMultiAutorisation": "Delete all selected lines",
"SupprMultiNonCoche": "No line is checked",	
"TitreAppliVerifAuto":	"Checking Authorisation",
"UtilisateurTeste":	"TESTED USER",
"NbAutoIndividuelles":	"Number of individual authorisations passed in review",
"NbAutoIndCoorigees":	"Number of individual authorisations corrected",
"Dept":	"Div",
"Serv":	"Dept",
"Sect":	"Sect",
"AutorisationGroupe": "Permissions on groups",
"PasAutoGroupe": "no authorization related to a group",
"AutorisationProfil":	"Authorisations on profiles",
"PasAutoProfil":"no authorisation related to a profile",
"AutorisationOrgani":"Authorisations on the organization",
"PasAutoOrgani":"no authorisation related to an organization",
"AutorisationIPN":"Authorisations on IPN",
"PasAutoIPN":"no authorisation related to IPN",
"KillAll":	"Kill All",
"KillAllUsers":	"Kill All Users",
"DetailGroupe": "Group detail",
"ListeIndividu": "people",
"ResponsableDuGroupe": "Group leader",
"GroupePasAJourContacterResp":"If you think that this group is not up to date, contact their manager",
"MaJDuGroupe": "Update group",
"XPersonnesAppartenantAuGroupe": "Permissions on groups",
"DetailProfil":	"Profile detail",
"ListeIndividuDuProfil":	"List of individuals belonging to the profile ",
"ResponsableDuProfil":	"Profile manager",
"MaJDuProfil":	"Profile update",
"XPersonnesAppartenantAuProfil":	"person(s) belonging to the profile.",	
"AppliNonDispoPbLangue":	"Due to a technical problem in the language files <BR> this Web application is temporarily unavailable.",
"AppliNonDispoPbOracle":	"Due to a technical problem in the ORACLE database,<BR> the Web applications are temporarily unavailable.",
"VosDelegationEnCours":	"These are your current delegations",
"Delegue":	"Delegate",
"Delegataire":	"Delegatee",
"SupprimerCetteDelegation":	"Delete this delegation ?",
"VosDelegationAccordees":	"These are the delegations that have been granted to you",
"PasConcerneParDelegation":	"You are not concerned by the signature delegation",
"PeriodeDelegation":	"Delegation period",
"DestinataireDelegation":	"Delegation recipient",
"AppliPourDelegationOblig":	"You need to choose at least one application on which your signature shall be delegated.",
"DateFinSupDateDebut":	"The end date shall be on or after the beginning date.",
"DateDebutSupAujourdHui":	"The beginning date shall not be on or before today.",
"DestinataireDelegationOblig":	"The delegation recipient shall be chosen.",
"PasDelegationASoi":	"You cannot delegate your signature to yourself.",
"DelegationQuaInterne":	"For the #Appli application, you can delegate only an internal person.",
"DelegueADeleguer":	"The delegate has already delegated his signature during the chosen period.",
"DejaDeleguer":	"You have already delegated your signature on one of the chosen applications during this period.",
"PasDeleguerDelegation":	"A signature has been delegated to you during the the period that you have chosen. You cannot delegate a delegation.",
"SupprQueSaDelegation":	"You cannot delete a delegation for which you are not the delegatee.",
"TexteMailADelegue":	"Hello,<BR>For your information, I delegate my signature to you <BR>pour la période du #DATE_DEBUT_DELEGATION au #DATE_FIN_DELEGATION <BR>pour la ou les application(s) suivantes(s) :<BR><BR>",
"BoutonRetour": "Back",
"Msg_enregistrement_termine": "<B><I>Saving is complete.</I></B>\n",
"Msg_suppression_termine": "<B><I>Deleting is complete.</I></B>\n",
"Application": "Application",
"Application_s": "Application(s)",
"DateDebut": "Beginning date",
"DateFin": "End date",
"DELEGATIONvotreSIGNATURE": "DELEGATION OF YOUR SIGNATURE",
"DELEGATION_SIGNATURE": "DELEGATION OF SIGNATURE",
"inclus": "Included",
"BoutonValider": "Valid",
"Cl_Table_msg_no_result": "No result matches your criteria.",
"Cl_Table_msg_nb_result": "% results matching your criteria.",
"Cl_Table_msg_one_result": "1 result matches your criteria.",
"Cl_Table_msg_reponses_de_a": "Results from % to %",
"Cl_Table_Bouton_PlusPage": "Several pages",
"Cl_Table_Bouton_PlusPage_alt": "Display the results on several pages",
"Cl_Table_Bouton_PageCourante_alt": "Current page",
"Cl_Table_Bouton_Page_alt": "Page",
"Cl_Table_Bouton_UneSeulePage": "A single page",
"Cl_Table_Bouton_UneSeulePage_alt": "Display all the results on one page",
"RAZFiltre": "Data filter",
"Cl_Mail_liste_destinataire": "List of recipients:",
"Cl_Mail_liste_dest_copie": "List of copied recipients:",
"Cl_Mail_liste_dest_copie_cachée": "List of blind-copy recipients:",
"Cl_Mail_mail_re7": "This e-mail has been sent by an application which is being tested. Please ignore this message if you are not participating in this acceptance phase.",
"Cl_Date_CliquezIciPourCalend": "Click here to display a calendar.",
"Cl_Date_ErreurJS_date_format": "The date entered is incorrect! (the format is DD/MM/YYYY)",
"Calend_MoisPrecedent": "previous month",
"Calend_MoisSuivant": "next month",
"Initiale1Lettre_Jour": 
		{
			"0":"L.",
			"1":"M.",
			"2":"M.",
			"3":"J.", 
			"4":"V.",
			"5":"S.", 
			"6":"D."
		},
"Document_DocumentAssocies": "Related Documents",
"Document_ouvrirDocument": "Open a document",
"Document_pasAutorise": "You are not authorised to read this file.",
"Document_impossibleLire": "This file cannot be read",
"Document_erreurSuppr": "Error deleting the document",
"Document_erreurUpload": "Error uploading the document",
"Document_erreurEnregistre": "Error recording the document",
"Document_MaJDoc": "Update the document.",
"Document_SupprDoc_confirm": "Delete this document?",
"Document_SupprDoc": "Delete the document.",
"Document_DocPasAjoute": "The document has not been added.",
"Document_DocACopier": "File to be copied",
"Cl_Annu_Nouvel_individu": "New individual",
"Cl_Annu_Ajouter_individu": "Add an individual",
"Cl_Annu_Suppr_individus": "Remove the selected individuals",
"Cl_Annu_Recherche_individus": "Search for individuals in the directory",
"Cl_Annu_Nom_comme": "Surname as",
"Cl_Annu_Prenom_comme": "First name as",
"Cl_Annu_Rech_individus_alt": "Search in the directory for individuals with this surname",
"Cl_Annu_Rech_individus_desc": "Enter a surname and click on search",
"Cl_Annu_Bouton_Selectionner": "Select",
"Cl_Annu_Bouton_Select_alt": "Select the individual",
"Cl_Annu_Bouton_Refuser_alt": "Delete the selected lines",
"Cl_Annu_Trop_resultat_titre": "Too many results",
"Cl_Annu_Trop_resultat": "Please note, more than 100 results found. Please refine your search.",
"Cl_Annu_Trop_resultat2": "Please note, more than 100 results found. Please refine your search.",
"Cl_Annu_Pas_resultat": "Your search has not returned any result...",
"Cl_Annu_Pas_ou_Trop_resultat":{
	"0":"Too many or no results match your criteria.",
	"1":"Please modify them."
},
"noResultats": "no results",
"Individu": "Individual",
"BoutonOrdonner": "Sort",
"Caracteristique": "Characteristic",
"Description": "Description",
"Ordre": "Order",
"ListeDesDonneesDeType": "List of type data ",
"RechercheDesDonnees": "Data search",
"OrdonnerDesDonnees": "Data sequencing",
"EnregistrerOrdreDonnees": "Record this order of data",
"Remonter_donnee": "Upload these data",
"Descendre_donnee": "Download these data",
"SaisieDesDonnees": 
		{
			"0":"Add a data",
			"1":"Modify a data"	
		},
"ParDefaut": "Data selected by default",
"NomDonnee_Oblig": "- enter data lang name",
"DescDonnee_1000max": "- enter a lang description of up to 1000 characters",
"sur": "on",
"listeRef ": "List Reference",
"SelectDonneesPourAjoutOrdre": "Please select the mother data before adding data or sorting your data.",
"BoutonFiltrer ": "Filter on the data",
"UniteStructurelle": "Structural Unit",
"US": "Organization",
"UneUS": "An organization",
"PrendreAussiEnCompte": "Consider",
"SeletOrgFille": "dependent entities",
"DelUS": "linked to the organization",
"RatacheAuCCA": "linked to the costs center",
"ErreurJS": "Sorry, an error occured",
"de": "of",
"CCA": "Costs center",
"AutoriserCCA": "Provide access to people linked to a costs center",
"Site": "Geographic site",
"AutoriserSite": "Provide access to people located on a geographic site",
"Categorie": "Type of staff",
"Categories": "Types of staff",
"AutoriserCategorie": "Provide access to a type of staff",
"SelectionnerCCA": "Select a costs center",
"SelectionnerCCA_desc": "Enter a costs center number",
"CCARecherche":"Search a Cost center",
"CCASelect ": "Selected Cost Center",
"CCATrouves ": "Cost Center(s) found",
"IndicationAJoutCCA ": "When you add a cost center, the included cost centers are automatically added",
"AlerteCCAOblig": "You must select a costs center",
"AlerteSiteCatOblig": "You must choose a geographic site and / or category of staff",
"SelectionnerUS_desc": "Enter the name of an organization, a manager or a costs center number",
"DuGroupe": "of the group",
"DuCCA": "linked to the cost center",
"DeLOrganisation": "of the organization",
"EtDeLOrganisationFille": "and of dependent entities",
"RestreindreSurOrgOUCCA": "on an organization OR a costs center ",
"OrganisationOuCCA": "Organization OR a costs center",
"RestreindreSurSiteCat": "You can filter with geographic site and/or types of staff",
"SiteEtOuCat": "Geographic sites and/or types of staff",
"CentreDeCout": "Cost center",
"RestreindreSurCentreDeCout": "Filter the group with a costs center",
"RestreindreSurOrg": "Filter the group with an organization",
"SelectionnerSite_desc": "Search a geographic site from its name, country or API",
"AutorisatCommentair4": "Select geographic sites and/or types of staff you widh to provide access",
"duSite": "located on",
"DetailCCA": "Costs center details",
"DetailSite": "Geographic site details",
"DetailCategorie": "Type of staff details",
"DetailCategorieSite ": "Detail of the geographical site and category of personnel",
"EtapePrecedente": "Previous step",
"EtapePrecedente_Alt": "Go back to the revious step",
"EtapeSuivante": "Next step",
"EtapeSuivante_Alt": "Go to the next step",
"AjouterDonnee": "Add data",
"OrdonnerDonnees": "Sort Data",
"AjoutFichier":"Add a file",
"DonneeExisteDejaAvecCetIntitule":"A data already exists with the same name",
"CDC": "CDC",
"BoutonTerminer": "Finish",
"BoutonExporter": "Export",
"BoutonExporterBrut": "Export Brut",
"BoutonEnvoyer": "Send",
"GeneriqueCopyright": "Version 1.0 &copy Etablissements Opérationnel d'Ile de France - RENAULT",
"Version": "Version",
"EtablissementCopyright": "&copy Etablissements Opérationnel d'Ile de France - RENAULT",
"ChampOblig_alt": "Required Field",
"ChampOblig": "<strong class = \"RnoMandatory\">*</strong>",
"champOblig_alt": "Required Field",
"CreationProjet":"Project creation",
"ProjetVide":"Empty project",
"ProjetInit":"Existing project",
"AdditionalInfo":"Information additionnelle",
"total":"total",
"Title":"Enter the title",
"responseTime":"Tempo de reação",
"fixingTime":"Tempo de resolução de problemas",
"Creee":"Criado",
"Envoyee":"Enviado"
}  