{
"PersonneAContacter":"Requester",
"NomApplication": "Intervention requests",
"GestionInfoDesSites": "Additional information of a site",
"VeuillezChoisirUnSite": "Please choose a site.",
"ddeAvecSousLieu": "Request with a sub-place?",
"siteAAccesRestreint": "Restricted Site?",
"quiAAcces": "Who have access?",
"VeuillezChoisirUneAPI": "Please choose an API for the site.",
"VeuillezChoisirUnTimeZone": "Please choose a timezone for the site.",
"Precedent":"Previous",
"Retour":"Back",
"Creer":"Create",
"Enregistrement ":"Recording",
"Annuler":"Cancel",
"Fermer":"Close",
"Enregistrer":"Save",
"EnregistrerLesDonnees":"Save data",
"SaisissezLesInformations":"Enter information",
"Rechercher":"Search",
"BoutonCloturer":"Close",
"BoutonMailCA":"E-mail the Contract Manager",
"BoutonMailDemandeur":"E-mail the requester",
"BoutonMauvaiseAffectation":"Incorrectly allocated",
"AucuneDemandeCorrespondante":"No matching request",
"SupprimerDemande": "Delete",
"SousTitre": 
		{
			"administrationgestionSiteChoix":"Site management",
			"administrationgestionSite":"Management of site",
			"demandesAfficheDemande":"New request",
			"mesdemandesAfficheDemande":"View / Modify of request", 
			"mesdemandesmesdemandes":"List of my requests",
			"mesdemandesAfficheAvisDemande":"Your opinion on the processing of your request", 
			"majmaj":"Search for an intervention request", 
			"indicateurschoix_export":"Excel export requests",
			"affectationAfficheDemande":"Assignment of a request for intervention",
			"indicateursindicateurs":"Excel export requests",
			"administrationCommunication":"Communication",
			"administrationStats":"Usage statistics",
			"affectationaffectation":"List of requests waiting for assignment",
			"administrationadministration":"Administration"
		},
"Onglet_NouvelleDemande":"New request",
"Onglet_MesDemandes":"My requests",
"Onglet_Affectation":"Allocation",
"Onglet_MiseAJour":"Processing",
"Onglet_Indicateurs":"Indicators",
"Onglet_Administration":"Administration",
"GestionDesSites":"Site management",
"GestionDesProblemes":"Intervention management",
"GestionDesSousProblemes":"Management of sub-interventions",
"GestionDesLieuxIntervention":"Management of intervention locations",
"GestionDesSousLieuxIntervention":"Management of levels",
"GestionDesTpsReaction": "Management of response time",
"GestionDesTpsDepannage": "Management of fixing time",
"GestionDesUtilisateurs":"User management",
"GestionComm":"Communication management",
"GestionDesSocietes":"Management of intervening companies",
"IndicateurExportExcel":"Export Excel file of requests",
"ListeDesProblemes ":"List of interventions",
"ListeDesLieuxIntervention":"List of intervention locations",
"Intitule":"Name",
"ModifierCeProblme ":"Modify this intervention",
"AucunProblemesEnregistre ":"No intervention has been recorded",
"ModifierLieuxIntervention ":"Modify this intervention location",
"AucunLieuxInterventionEnregistre ":"No intervention location has been recorded",
"RetourMenuDadministration ":"Back to the administration menu",
"SelectionnezUnProbleme":"Select a intervention",
"SelectionnezUnLieuxIntervention":"Select an intervention location",
"VousDevezSaisirUnIntitule ":"You must enter a name",
"FormulaireDeSaisieDunProbleme ":"Form for inputting a intervention",
"SaisissezLintituleDuProbleme ":"Enter the name of the intervention",
"RevenirALaListeDesProblemes ":"Return to list of interventions",
"FormulaireDeSaisieDunLieuxIntervention ":"Form for inputting an intervention location",
"SaisissezLintituleDuLieuxIntervention ":"Enter the name of the intervention location",
"RevenirALaListeDesLieuxIntervention ":"Return to list of intervention locations",
"ListeDesSocietes":"List of intervening companies",
"Actif":"Active",
"Inactif":"Inactive",
"Oui":"Yes",
"Non":"No",
"ModifierCetteSociete":"Modify this company",
"AucuneSocieteEnregistre":"No company recorded",
"titreExport":"Intervention requests",
"TabOuiNon":
		{
			"0":"No",
			"1":"Yes"
		},
"SelectionnezUneSociete":"Select a company",
"VousDevezSaisirUnNom":"You must enter a name",
"FormulaireDeSaisieDuneSociete ":"Form for inputting a company name",
"NouvelleDemandeDeTravaux ":"New intervention request",
"LesChampsMarquesDunAsterisque ":"The fields marked with a * are compulsory.",
"SaisiPar":"Input by",
"cdc": "Cost center",
"LieuIntervention":"Intervention location",
"SousLieuIntervention":"Level",
"AjouterLieuASelection":"Add a location to the selection",
"RetirerLieuDeSelection":"Remove a location from the selection",
"PreciserLieuSiBesoin":"Specify the location",
"NatureDesTravaux":"Nature of the intervention",
"Probleme":"Intervention",
"Probleme2":"Level-2 intervention",
"Designation":"Description",
"PanneBloquante":"Is the breakdown immobilizing?",
"RaisonPanneBloquante":"If answer is Yes, Why?",
"LieuEtDemandeur":"Location and requester",
"PanneBloquanteAlt":"Immobilizing breakdown",
"AjouterDocs": "Add documents ",
"DocsAssocies": "Documents joined to your request",
"Aucun": "No document joined to your request",
"BoutonEnregistrerWithDocs": "Save your request and join documents",
"BoutonValider1": "To validate",
"AttributionDeLaDemande":"Allocation of the request",
"DateDebutIntervention":"Intervention start date",
"DateFinIntervention":"Intervention completion date",
"Commentaire":"Comment",
"ResolutionDeLaDemande":"Solving of the request",
"AucunBatimentsDesigne":"No building has been designated",
"ModificationDemandeDeTravaux":"Modifying an intervention request",
"CloturerLaDemande":"Close the request",
"ConfirmationClotureDemande":"Do you confirm the closure of this request?",
"SocietesIntervenantes":"Intervening companies",
"Nom":"LastName",
"Tel":"Telephone",
"Fax":"Fax",
"Prenom":"Name",
"AucuneSocieteAssociee":"No company has been linked to this request",
"PanneBloquantedesc":"Immobilizing for your activity and/or security intervention",
"CreeeLe":"Created on",
"EnvoyeeLe":"Sent on",
"TraiteeLe":"Processed on",
"EnCoursDepuisLe":"In progress since",
"Bloquante":"Immobilizing",
"Relancer":"Resend",
"Relancee":"Resent",
"RelanceeLe":"Resent on",
"SurRelancer":"Are you sure you want to resend this request?",
"DemandeRelanceOK":"Your intervention request has successfully been resent.",
"DemandeAEteRelance":"This intervention request has been resent.",
"CommentaireRelance":"Resending comment",
"RechercheDemandetravaux":"Search for an intervention request",
"SaisissezLesCriteres":"Enter the different search criteria.",
"NumeroFicheIntervention":"Number of the intervention sheet",
"VeuillezTaperUnNumerique ":"Please type-in a numerical value.",
"ChargeDaffaire":"Contract manager",	
"Dispatcheur":"Dispatcher",
"Tempspreaction":"Planned response time",
"Tempsdepannage":"Planned breakdown-recovery time",
"CommentaireAffectation":"Allocation comment",
"AvancementTravaux":"Interventions progress",
"EtatNonDebute":"Not yet started",
"EtatAffecteCA":"Allocated – awaiting acknowledgement",
"EtatEnCours":"In progress",
"EtatTermine":"Completed",
"EtatMauvaiseAffectation":"Incorrectly allocated",
"Tous":"Every",
"Annee":"Year",
"LancerLaRecherche":"Begin search",
"LancerLaRechercheBrut": "Export au format CSV",
"SelectionnezUnEtat":"Select a status",
"SelectionnezUnCA":"Select a Contract Manager",
"SocietesExistantes":"Existing companies",
"SocietesChoisies":"Chosen companies",
"VotreAvis":"Your opinion",
"Avis":"Opinion",
"TexteAvis":
	{
		"1":"--",
		"2":"-",
		"3":"+",
		"4":"++"	
	},
"ResultatDeLaRechercheAffectation":"List of requests awaiting allocation",
"ResultatDeLaRecherche":"Search result",
"PasDeReponses":"No responses.",
"NumeroFiche":"Sheet number",
"DateDemande":"Request date",
"ChargeAffaire":"Contract manager",
"LieuxDintervention":"Intervention locations",
"Etat":"Status",
"ExplicationAffichageFiche ":"Click on the small icon to the left to display the required sheet.",
"NonDetermine":"Not determined",
"ModifierLaDemande":"Modify the request",
"ConsulterLaDemande":"Consult the request",
"EnvoyerMailCA":"Send an e-mail to the contract manager for this request",
"EnvoyerMailDemandeur":"Send an e-mail to the contact person for this request",
"MesDemandes":"My requests",
"SupprimerCetteSociete":"Delete this company",
"ImprimerDemande":"Print the request",
"DonnerAvis":"Give your opinion",
"IndicateurDemandesPourUnBatiment ":"Indicator of the requests for a specific building",
"IndicateurDemandesPourUnProbleme ":"Indicator of the requests for a specific intervention",
"IndicateurDemandesAnnee":"Indicator of the requests over a specific year",
"RepartitionSurUnBatiment":"Distribution of requests by intervention for a specific building",
"RepartitionSurUnProbleme":"Distribution of requests by building for a specific intervention",
"RepartitionSurUneAnnee":"Distribution of the requests over a specific year",
"TitreIndicateursBatiment":"Number of requests",
"AxeXIndicateursBatiment":"Interventions",
"TitreIndicateursProbleme":"Number of requests",
"AxeXIndicateursProbleme":"Buildings",
"TitreIndicateursAnnee":"Number of requests",
"AxeXIndicateursAnnee":"Months",
"NombreDeDemandes":"Number of requests",
"ListeEtat":
	{
		"0":"Status:Not Started",
		"1":"Status: Allocated to Contract manager",
		"2":"Status: Completed",
		"3":"Status: Incorrectly Allocated",
		"4":"Status: In Progress"
		
	},
"MsgDateExportNonSaisie":"The time period for extracting intervention requests is incorrect.",
"LaDateDemande":"The intervention request date",
"EntreLe":"between",
"EtLe":"and",
"InferieurDateTraitement":"must be before the processing date.",
"Janvier":"january",
"Fevrier":"february",
"Mars":"march",
"Avril":"april",
"Mai":"may",
"Juin":"june",
"Juillet":"july",
"Aout":"august",
"Septembre":"september",
"Octobre":"october",
"Novembre":"november",
"Decembre":"december",
"VeuillezSaisir":"Please input:",
"ContactOblig":"- a contact",
"SiteOblig":"- a site",
"ProblemeOblig":"- a intervention",
"Probleme2Oblig":"a Intervention 2",
"LieuOblig":"- a location",
"SousLieuOblig":"- a level",
"LieuPrecisOblig":"- a specific location",
"CAOblig":"- a contract manager",
"DateDebutIntervOblig":"- intervention start date",
"HeureDebutIntervOblig":"- hour of the intervention start time",
"MinDebutIntervOblig":"- minutes of the intervention start time",
"DateFinIntervOblig":"- intervention completion date",
"HeureFinIntervOblig":"- hour of the intervention completion time",
"MinFinIntervOblig":"- minutes of the intervention completion time",
"AvisOblig":"- your opinion",
"MsgHeureFinNonSaisie":"The completion time has not been input correctly",
"LaDateDebut":"Start date",
"InferieurDateFin":"must be before the completion date",
"MailIci":"here",
"MailPriseCompteSujet":"Recognition of your intervention request N°",
"MailPriseCompteCorps":"Intervention request N°#id_demande has been allocated to the contract manager #NomCA. You can monitor the progress of your request #ICI",
"MailDesignationCASujet":"Allocation of intervention request N°.",
"MailDesignationCACorps":"You have been allocated intervention request N°#id_demande You can fill-in the data relating to this request #ICI.",
"MailMajSujet":"Progress of intervention request N°",
"MailMajCorps":"The data concerning your intervention request N°#id_demande have been modified. You can consult the progress of the request #ICI.",
"MailClotureSujet":"Closure of intervention request N°",
"MailClotureCorps":"Your intervention request N°#id_demande has just been closed. You can consult the data relating to this request #ICI.",
"MailClotureCorps2":"You can give your opinion on the manner in which it was processed #ICI.",
"MailRelanceSujet":"Resending of intervention request N°",
"MailRelanceCorps":"You have been sent a reminder regarding intervention request N°#id_demande. You can consult the data relating to this request #ICI.",
"MailSuiviAvisSujet": "Notification of negative status further to the resolution of the request ",
"MailSuiviAvisCorps": "A negative status was put forward after request's cloture, #id_demande.<br>You have access to related datas from #ICI.",
"SiteCAOblig":"Please choose a site for the contract manager",
"SiteAdminOblig":"Please choose a site for the administrator",
"FonctionSeulementDispatcheur":"This functionality is reserved for administrator and dispatcher contract manager use only.",
"GestionDesTypesProblemes": "Intervention types management",
"GestionDesNaturesProblemes": "Intervention natures management",
"TypeProbleme": "Intervention type",
"NatureProbleme": "Intervention nature",
"TypeProblemeOblig": "- a intervention type",
"NatureProblemeOblig": "- a intervention nature",
"AvisTexte": "Opinion",
"Ok": "Ok",
"confSupprDemande": "Do you want to delete that request?",
"supprStatutBloquant": "Remove the blocking status of that request?",
"excelCountLbl": "The response time could be long depending on the criteria you have entered",
"site":"Site",
"interventionLocation":"Intervention location",
"specifyLocation":"Specify the location",
"interventionType":"Intervention type",
"interventionNature":"Intervention nature",
"level2Intervention":"Level-2 intervention",
"attachment":"Attachments",
"attachmentLabel":"Example: .docx, pdf, jpeg, png",
"dragLabel":"Drag and drop",
"file":"File",
"url":"Url",
"urlPlaceholder":"Enter the Url",
"LangueAl": "German",
"LangueGe":"German",
"LangueBr":"Brazilian",
"LangueEn":"English",
"LangueEs":"Spanish",
"LangueFr":"French",
"LangueIt":"Italian",
"LanguePo":"Portuguese",
"LangueRo":"Romanian",
"LangueRu":"Russian",
"LangueTu":"Turkish",
"Annuaire":"Directory",
"Matricule":"Identification number",
"BoutonRechercher":"Search",
"BoutonAutreRecherche":"Other search",
"Action":"Action",
"ProblemeAllocation":"Problems",
"LangueTable": 
		{
			"Al":"German",
			"Br":"Brazilian",
			"En":"English",
			"Es":"Spanish", 
			"Fr":"French",
			"It":"Italian", 
			"Po":"Portuguese", 
			"Ro":"Romanian",
			"Ru":"Russian",
			"Tu":"Turkish"
		},
"BoutonAccepter":	"Accept",
"BoutonAjouter":	"Add",
"BoutonAnnuler":	"Cancel",
"BoutonAnnulerSaisie":	"Cancel the Input",
"BoutonConfigurer":	"Configure",
"BoutonCorriger":	"Correct",
"BoutonConsulter":	"Browse",
"BoutonContinuer":	"Go on",
"BoutonDetailler":	"Detail",
"BoutonEnregistrer":	"Save",
"BoutonEnvoyerSignature":	"Send to validation",
"BoutonFermer":	"Close",
"BoutonFermerFenetre":	"Close this window",
"BoutonModifier":	"Modify",
"BoutonOuvrir":	"Open",
"BoutonPrecedent":	"Previous",
"BoutonPublier":	"Publish",
"BoutonRefuser":	"Reject",
"BoutonSigner":	"Sign",
"BoutonSuivant":	"Next",
"BoutonSupprimer":	"Delete",
"BoutonToutEffacer":	"Erase all",
"BoutonTraduire":	"Translate",
"BoutonQuitter":	"Quit",		
"OngletEtatsSynthese":	"Synthesis reports",
"OngletAdministration":	"Administration",
"OngletAide":	"Help",
"OngletAPropos":	"About",
"IconeExcelAlt": "Open in Excel",
"IconeImprimerAlt": "Print",	
"Documentation":	"Documentation",
"CommentaireDocumentation":	"User documentation regarding the application",
"Aproposde":	"About",
"CommentaireAproposde":	"General information about the application",
"CommentaireAnnuaire":	"Search for a person in the directory",
"MoteurRecherche":	"Search engine",
"CommentaireMoteurRecherche":	"Search for a VSF web document",
"Introduction":	"Introduction",
"AproposDe":	"About",
"Presentation":	"Presentation",
"PagePrecedente":	"Previous page",
"PageSuivante":	"Next page",
"Imprimer":	"Print",
"FermerCetteFenetre":	"Close this window",
"Apropos":	"About",
"QuelleApplication":	"Which Application ?",
"InfoGenerales":	"General information",
"Ousuisje":	"Where am I ?",
"PasInfoDispo":	"No information available.",
"Quisuisje":	"Who am I ?",
"CommentAccederAppli":	"How to access this application ?",
"MesInfoPerso":	"My personal informations",
"QuellesAutorisations":	"What Authorisations ?",
"MesAutorisationsAppli":	"My Authorisations for access to this application",
"Securite":	"Security",
"SecuriteConfidentialite":	"Security and confidentiality",
"TexteSecurite":	"This application is strictly intended for use by Renault staff and its partners",
"Msg_enregistrement_en_cours":	"<b><i>Saving under process...</i></b>\n",
"Msg_enregistrement_en_cours_txt": "The information is being recorded ... \n",
"Msg_suppression_en_cours":	"<b><i>Deletion under process...</i></b>\n",
"Msg_suppression_des_autorisations_en_cours": "Removing current access permissions",
"Msg_erreur_enregistrement":	"An error occured during the saving. Contact the hotline on 11000 and provide with the messages on this page Thank you.",
"Msg_erreur_suppression":	"An error occured during the deletion. Contact the hotline on 11000 and provide with the messages on this page Thank you.",
"Utilisateur":	"User",
"Email":	"E-mail",
"CompteWeb":	"Web Account",
"IPN":	"IPN",
"nom":	"surname",
"prenom":	"name",
"matricule":	"identification number",
"email":	"e-mail",
"CourrierElectronique":	"electronic mail",	
"Date":	"Date",	
"et":	"and",
"Le":	"The",
"La":	"The",
"Un":	"A/An",
"Une":	"A/An",
"Active":	"Active",
"Tout": "All",
"TitreGeneriqueApplication":	"Application title",
"SousTitreGeneriqueApplication":	"Application subtitle",
"RetourPageAcceuil":	"Return to the Web home page",
"TitreMaintenance":	"Application under Maintenance",
"TexteMaintenance":	"The application is currently under maintenance.<br>We are trying our best to rectify the situation at soon as possible<br>Sorry for the inconvenience.",
"Organisation":	"Organisation",
"Societe":	"Company",
"Departement":	"Division",
"Departements":	"Divisions",
"Dpt":	"Dept",
"Direction":	"Department",
"Service":	"Department",
"Services":	"Departments",
"Section":	"Section",
"Sections":	"Sections",
"societe":	"company",
"departement":	"division",
"service":	"department",
"section":	"section",
"API":	"API (IPA)",
"AdressePostaleInterne":	"internal postal address",
"Telephone":	"Telephone",
"MessagerieVocale":	"Voice mail",
"Mevo":	"Voice mail",
"Libelle_mois": 
		{
			"1":"Janurary",
			"2":"February",
			"3":"March",
			"4":"April", 
			"5":"May",
			"6":"June", 
			"7":"July", 
			"8":"August",
			"9":"September",
			"10":"October",
			"11":"November",
			"12":"December"
		},
"Libelle_jour": 
		{
			"Mon":"Janurary",
			"Tue":"February",
			"Wed":"March",
			"Thu":"April", 
			"Fri":"May",
			"Sat":"June", 
			"Sun":"July"
		},
"ErreurAcces":	"Authorisation error",
"VousNAvezPasAccesACetteApplication":	"You are not authorised to access this application<br>Please contact the person in charge.",
"FonctionSeulementAdmin":	"This functionality is reserved to administrators.",
"DocumentsAssocies": "Associated Documents",
"ListeDesDocs": "List of documents",
"BoutonDocument":	"Add/Modify", 
"AjouterDocument":	"Add a document",
"AjouterDocumentAlt":	"Add a new document",
"ModifierDocument":	"Modify one of the following fields",
"ModifierDocumentAlt":	"Modify the current document",
"AbscenceDocument":	"Please choose a file",
"AbscenceURL":	"Please enter URL",
"AbscenceIntitule":	"Please enter a title",
"Fichier":	"File",
"FichierExistant":	"existing file",
"FichierRemplace":	"file that will be replaced",
"OuURL":	"or Url",
"BoutonTester":	"Test",
"BoutonTesterAlt":	"Test this URL.",
"Nouveau":	"New",
"TailleIcone":	"Size of icons",
"Type":	"Type",
"Apercu":	"Preview",
"TailleOctet":	"Size(bytes)",
"TailleFichier": "File size",
"Par":	"By",
"OuvrirDoc":	"Click to open the document",
"OuvrirLien":	"Click to open the link",
"transfert": "Add file",
"attenteTransfert": "The document is being transferred. Please wait",
"DetailOrganisation": "Organisation details",
"XPersonnesAppartenantAOrg": "people are affected to this organization",
"SousTitreAutorisation": "Access authorisations",
"CritereAuto": "Scope for this actor",
"VousAutorisez": "You give access to",
"AvecRoles": "with this role",
"Roles": "Roles",
"RetourPagePrecedent": "Back to previous page",
"EnregistrerAuto": "Save",
"AuMoinsUnRole": "You must select at least one role",
"ParamManquant": "Warning : missing parameters : ID_AUTO ou USERNAME_WEB ou ID_GROUPE ou US ou CCA ou SITE ou CATEGORIE",
"DuDepartement": "of division",
"DuService": "of service",
"DeLaSection": "of section",
"LeDepartement": "The division",
"LeService": "The service",
"LaSection": "The section",
"UnDepartement": "A division",
"UnService": "A service",
"UneSection": "Ae section",
"QuiEstCE": "Who is ?",
"GroupeOrganiIndividu": "Group/people",
"Groupes": "Groups",
"Groupe": "Group",
"Individus": "People",
"NewAuto": "Define role and scope for a new actor",
"RefActeurs": "Actors/roles already defined",
"AutoriserGroupe": "Give access to a group",
"AutoriserGroupe_Alt": "Give access to people from the same group",
"AutoriserOrgani": "Give access to people from the same organization",
"AutoriserOrgani_Alt": "Give access to people from the organization (Direction, Service, UET)",
"AutoriserIndividu": "Give access to a people",
"AutoriserIndividu_Alt": "Give access to a people",
"RechercheAnnuOblig": "Search for the people in directory",
"AlerteAbscencePerso": "You must chose a people\\n",
"AlerteRechercheAnnu": "\nYou can search the e-mail directory to find the person you are looking for",
"ChoisirIndividu": "Choose a specific people",
"BoutonRechercheAnnu": "Search in the directory",
"SelectionnerRoles": "Select a role",
"RetourListeAuto": "Go back to authorizations list",
"RetourListeGroupes": "Go back to groups list",
"AlerteAbscenceGroupe": "You must select a group !",
"BoutonEnvoyerMail_desc": "Send a mail to checked people",
"EtapeAutorisation": 
		{
			"PROFIL":{
				"1":"Give access to a group",
				"2":"Group filtering",
				"3":"Role and scope"
			},
			"ORG":{
				"1":"Give access to an organization",
				"2":"Organization filtering",
				"3":"Role and scope"
			},
			"SITE_CAT":{
				"1":"Give access to a site or category of staff",
				"2":"Role and scope"
			},
			"USER":{
				"1":"Give access to a people",
				"2":"Role and scope"
			},
			"CCA":{
				"1":"Choose a Cost Center",
				"2":"",
				"3":""
			}
},
"ChoisissezLeGroupeQueVousDesirezAutoriser": "Select the group you wish to give access to this application",
"SelectionnerGroupe": "Select a group",
"ListeDesGroupes": "Groups list",
"DecriptionGroupe": "Description of the group",
"ListePersonneGroupe": "People in this group",
"VoirListePersonne": "Watch list of selected people",
"OrganisatDansGroupe": "Select the organization to filter the group",
"AlerteOrganisatOblig": "You must select an organization",
"AutorisatCommentair2": "You can filter people",
"AutorisatCommentair3": "Select the organization you wish to provide an access",
"RestreindreGroupe": "Filter the group",
"NePasRestreindGroupe": "Do no filter the group",
"A_AccentGrave": "to",
"SelectionnerOrganisat": "Select an organization",
"SelectionnerDptSceSect": "Select a division, a service or a section",
"PersonnesSelectionnes": "selected <br>people",
"Actions": "Actions",
"FiltrerLignes": "Filter lines",
"ToutesLignes": "All lines",
"SupprimerLigne": "Delete this line",
"ModifierLigne": "Modify this line",
"ComparerAutorisation": "Compare this individual permission with the permission of the organization/group",
"PasLigneAffichee": "No result",
"PasActeurDefinit": "No actor has been defined. Select an actor to give access to",
"ListePersAutorisees": "Names of authorized people",
"ComfirmSupprLigne": "Do you really want to delete this line ?",
"LeGroupe": "The group",
"Erreur": "Error",
"AutoExisteDeja": "(This authorization already exists)",
"CompteInactif": "Inacive account",
"SelectionObligatoire": "You must select a scope for this actor",
"VeuillezCorrigerInfo": "Please correct above informations",
"AccesSeulAdmin": "Only administrators are authorised to carry out authorisations",
"AccesSeulRedac": "Only redactors are authorised to carry out authorisations",
"SupprimerMultiAutorisation": "Delete all selected lines",
"SupprMultiNonCoche": "No line is checked",	
"TitreAppliVerifAuto":	"Checking Authorisation",
"UtilisateurTeste":	"TESTED USER",
"NbAutoIndividuelles":	"Number of individual authorisations passed in review",
"NbAutoIndCoorigees":	"Number of individual authorisations corrected",
"Dept":	"Div",
"Serv":	"Dept",
"Sect":	"Sect",
"AutorisationGroupe": "Permissions on groups",
"PasAutoGroupe": "no authorization related to a group",
"AutorisationProfil":	"Authorisations on profiles",
"PasAutoProfil":"no authorisation related to a profile",
"AutorisationOrgani":"Authorisations on the organization",
"PasAutoOrgani":"no authorisation related to an organization",
"AutorisationIPN":"Authorisations on IPN",
"PasAutoIPN":"no authorisation related to IPN",
"KillAll":	"Kill All",
"KillAllUsers":	"Kill All Users",
"DetailGroupe": "Group detail",
"ListeIndividu": "people",
"ResponsableDuGroupe": "Group leader",
"GroupePasAJourContacterResp":"If you think that this group is not up to date, contact their manager",
"MaJDuGroupe": "Update group",
"XPersonnesAppartenantAuGroupe": "Permissions on groups",
"DetailProfil":	"Profile detail",
"ListeIndividuDuProfil":	"List of individuals belonging to the profile ",
"ResponsableDuProfil":	"Profile manager",
"MaJDuProfil":	"Profile update",
"XPersonnesAppartenantAuProfil":	"person(s) belonging to the profile.",	
"AppliNonDispoPbLangue":	"Due to a technical problem in the language files <BR> this Web application is temporarily unavailable.",
"AppliNonDispoPbOracle":	"Due to a technical problem in the ORACLE database,<BR> the Web applications are temporarily unavailable.",
"VosDelegationEnCours":	"These are your current delegations",
"Delegue":	"Delegate",
"Delegataire":	"Delegatee",
"SupprimerCetteDelegation":	"Delete this delegation ?",
"VosDelegationAccordees":	"These are the delegations that have been granted to you",
"PasConcerneParDelegation":	"You are not concerned by the signature delegation",
"PeriodeDelegation":	"Delegation period",
"DestinataireDelegation":	"Delegation recipient",
"AppliPourDelegationOblig":	"You need to choose at least one application on which your signature shall be delegated.",
"DateFinSupDateDebut":	"The end date shall be on or after the beginning date.",
"DateDebutSupAujourdHui":	"The beginning date shall not be on or before today.",
"DestinataireDelegationOblig":	"The delegation recipient shall be chosen.",
"PasDelegationASoi":	"You cannot delegate your signature to yourself.",
"DelegationQuaInterne":	"For the #Appli application, you can delegate only an internal person.",
"DelegueADeleguer":	"The delegate has already delegated his signature during the chosen period.",
"DejaDeleguer":	"You have already delegated your signature on one of the chosen applications during this period.",
"PasDeleguerDelegation":	"A signature has been delegated to you during the the period that you have chosen. You cannot delegate a delegation.",
"SupprQueSaDelegation":	"You cannot delete a delegation for which you are not the delegatee.",
"TexteMailADelegue":	"Hello,<BR>For your information, I delegate my signature to you <BR>pour la période du #DATE_DEBUT_DELEGATION au #DATE_FIN_DELEGATION <BR>pour la ou les application(s) suivantes(s) :<BR><BR>",
"BoutonRetour": "Back",
"Msg_enregistrement_termine": "<B><I>Saving is complete.</I></B>\n",
"Msg_suppression_termine": "<B><I>Deleting is complete.</I></B>\n",
"Application": "Application",
"Application_s": "Application(s)",
"DateDebut": "Beginning date",
"DateFin": "End date",
"DELEGATIONvotreSIGNATURE": "DELEGATION OF YOUR SIGNATURE",
"DELEGATION_SIGNATURE": "DELEGATION OF SIGNATURE",
"inclus": "Included",
"BoutonValider": "Valid",
"Cl_Table_msg_no_result": "No result matches your criteria.",
"Cl_Table_msg_nb_result": "% results matching your criteria.",
"Cl_Table_msg_one_result": "1 result matches your criteria.",
"Cl_Table_msg_reponses_de_a": "Results from % to %",
"Cl_Table_Bouton_PlusPage": "Several pages",
"Cl_Table_Bouton_PlusPage_alt": "Display the results on several pages",
"Cl_Table_Bouton_PageCourante_alt": "Current page",
"Cl_Table_Bouton_Page_alt": "Page",
"Cl_Table_Bouton_UneSeulePage": "A single page",
"Cl_Table_Bouton_UneSeulePage_alt": "Display all the results on one page",
"RAZFiltre": "Data filter",
"Cl_Mail_liste_destinataire": "List of recipients:",
"Cl_Mail_liste_dest_copie": "List of copied recipients:",
"Cl_Mail_liste_dest_copie_cachée": "List of blind-copy recipients:",
"Cl_Mail_mail_re7": "This e-mail has been sent by an application which is being tested. Please ignore this message if you are not participating in this acceptance phase.",
"Cl_Date_CliquezIciPourCalend": "Click here to display a calendar.",
"Cl_Date_ErreurJS_date_format": "The date entered is incorrect! (the format is DD/MM/YYYY)",
"Calend_MoisPrecedent": "previous month",
"Calend_MoisSuivant": "next month",
"Initiale1Lettre_Jour": 
		{
			"0":"L.",
			"1":"M.",
			"2":"M.",
			"3":"J.", 
			"4":"V.",
			"5":"S.", 
			"6":"D."
		},
"Document_DocumentAssocies": "Related Documents",
"Document_ouvrirDocument": "Open a document",
"Document_pasAutorise": "You are not authorised to read this file.",
"Document_impossibleLire": "This file cannot be read",
"Document_erreurSuppr": "Error deleting the document",
"Document_erreurUpload": "Error uploading the document",
"Document_erreurEnregistre": "Error recording the document",
"Document_MaJDoc": "Update the document.",
"Document_SupprDoc_confirm": "Delete this document?",
"Document_SupprDoc": "Delete the document.",
"Document_DocPasAjoute": "The document has not been added.",
"Document_DocACopier": "File to be copied",
"Cl_Annu_Nouvel_individu": "New individual",
"Cl_Annu_Ajouter_individu": "Add an individual",
"Cl_Annu_Suppr_individus": "Remove the selected individuals",
"Cl_Annu_Recherche_individus": "Search for individuals in the directory",
"Cl_Annu_Nom_comme": "Surname as",
"Cl_Annu_Prenom_comme": "First name as",
"Cl_Annu_Rech_individus_alt": "Search in the directory for individuals with this surname",
"Cl_Annu_Rech_individus_desc": "Enter a surname and click on search",
"Cl_Annu_Bouton_Selectionner": "Select",
"Cl_Annu_Bouton_Select_alt": "Select the individual",
"Cl_Annu_Bouton_Refuser_alt": "Delete the selected lines",
"Cl_Annu_Trop_resultat_titre": "Too many results",
"Cl_Annu_Trop_resultat": "Please note, more than 100 results found. Please refine your search.",
"Cl_Annu_Trop_resultat2": "Please note, more than 100 results found. Please refine your search.",
"Cl_Annu_Pas_resultat": "Your search has not returned any result...",
"Cl_Annu_Pas_ou_Trop_resultat":{
	"0":"Too many or no results match your criteria.",
	"1":"Please modify them."
},
"noResultats": "no results",
"Individu": "Individual",
"BoutonOrdonner": "Sort",
"Caracteristique": "Characteristic",
"Description": "Description",
"Ordre": "Order",
"ListeDesDonneesDeType": "List of type data ",
"RechercheDesDonnees": "Data search",
"OrdonnerDesDonnees": "Data sequencing",
"EnregistrerOrdreDonnees": "Record this order of data",
"Remonter_donnee": "Upload these data",
"Descendre_donnee": "Download these data",
"SaisieDesDonnees": 
		{
			"0":"Add a data",
			"1":"Modify a data"	
		},
"ParDefaut": "Data selected by default",
"NomDonnee_Oblig": "- enter data lang name",
"DescDonnee_1000max": "- enter a lang description of up to 1000 characters",
"sur": "on",
"listeRef ": "List Reference",
"SelectDonneesPourAjoutOrdre": "Please select the mother data before adding data or sorting your data.",
"BoutonFiltrer ": "Filter on the data",
"UniteStructurelle": "Structural Unit",
"US": "Organization",
"UneUS": "An organization",
"PrendreAussiEnCompte": "Consider",
"SeletOrgFille": "dependent entities",
"DelUS": "linked to the organization",
"RatacheAuCCA": "linked to the costs center",
"ErreurJS": "Sorry, an error occured",
"de": "of",
"CCA": "Costs center",
"AutoriserCCA": "Provide access to people linked to a costs center",
"Site": "Geographic site",
"AutoriserSite": "Provide access to people located on a geographic site",
"Categorie": "Type of staff",
"Categories": "Types of staff",
"AutoriserCategorie": "Provide access to a type of staff",
"SelectionnerCCA": "Select a costs center",
"SelectionnerCCA_desc": "Enter a costs center number",
"CCARecherche":"Search a Cost center",
"CCASelect ": "Selected Cost Center",
"CCATrouves ": "Cost Center(s) found",
"IndicationAJoutCCA ": "When you add a cost center, the included cost centers are automatically added",
"AlerteCCAOblig": "You must select a costs center",
"AlerteSiteCatOblig": "You must choose a geographic site and / or category of staff",
"SelectionnerUS_desc": "Enter the name of an organization, a manager or a costs center number",
"DuGroupe": "of the group",
"DuCCA": "linked to the cost center",
"DeLOrganisation": "of the organization",
"EtDeLOrganisationFille": "and of dependent entities",
"RestreindreSurOrgOUCCA": "on an organization OR a costs center ",
"OrganisationOuCCA": "Organization OR a costs center",
"RestreindreSurSiteCat": "You can filter with geographic site and/or types of staff",
"SiteEtOuCat": "Geographic sites and/or types of staff",
"CentreDeCout": "Cost center",
"RestreindreSurCentreDeCout": "Filter the group with a costs center",
"RestreindreSurOrg": "Filter the group with an organization",
"SelectionnerSite_desc": "Search a geographic site from its name, country or API",
"AutorisatCommentair4": "Select geographic sites and/or types of staff you widh to provide access",
"duSite": "located on",
"DetailCCA": "Costs center details",
"DetailSite": "Geographic site details",
"DetailCategorie": "Type of staff details",
"DetailCategorieSite ": "Detail of the geographical site and category of personnel",
"EtapePrecedente": "Previous step",
"EtapePrecedente_Alt": "Go back to the revious step",
"EtapeSuivante": "Next step",
"EtapeSuivante_Alt": "Go to the next step",
"AjouterDonnee": "Add data",
"OrdonnerDonnees": "Sort Data",
"AjoutFichier":"Add a file",
"DonneeExisteDejaAvecCetIntitule":"A data already exists with the same name",
"CDC": "CDC",
"BoutonTerminer": "Finish",
"BoutonExporter": "Export",
"BoutonExporterBrut": "Export Brut",
"BoutonEnvoyer": "Send",
"GeneriqueCopyright": "Version 1.0 &copy Etablissements Opérationnel d'Ile de France - RENAULT",
"Version": "Version",
"EtablissementCopyright": "&copy Etablissements Opérationnel d'Ile de France - RENAULT",
"ChampOblig_alt": "Required Field",
"ChampOblig": "<strong class = \"RnoMandatory\">*</strong>",
"champOblig_alt": "Required Field",
"CreationProjet":"Project creation",
"ProjetVide":"Empty project",
"ProjetInit":"Existing project",
"AdditionalInfo":"Additional Information",
"total":"total",
"Title":"Enter the title",
"responseTime":"response time",
"fixingTime":"fixing time",
"region":"Region",
"ville":"Timezone",
"addPeople":"Add People",
"DefaultLabelSite":"Select a Site",
"DefaultLabelContractMannger":"Select a Contract Manager",
"DefaultLabelInterventionStatus":"Select a Intervention status",
"DefaultSelect":"Select",
"Creee":"Created",
"Envoyee":"Sent"
}