{
"NomApplication": "Solicitudes de intervención",
"GestionInfoDesSites": "Gestion des informations supplémentaires d'un site",
"VeuillezChoisirUnSite": "Veuillez choisir un site.",
"ddeAvecSousLieu": "Demande avec sous-lieu ?",
"siteAAccesRestreint": "Site à accès restreint ?",
"quiAAcces": "Qui à accès ?",
"VeuillezChoisirUneAPI": "Veuillez choisir une API pour le site.",
"VeuillezChoisirUnTimeZone": "Veuillez choisir un timezone pour le site.",
"Precedent":"Anterior",
"Retour":"Volver",
"Creer":"Crear",
"Enregistrement":"Registro",
"Annuler":"Cancelar",
"Fermer":"Cerrar",
"Enregistrer":"Guardar",
"EnregistrerLesDonnees":"Guardar los datos",
"SaisissezLesInformations":"Introduzca los datos",
"Rechercher":"Buscar",
"BoutonCloturer":"Cerrar",
"BoutonMailCA":"Email al Encargado de Negocios ",
"BoutonMailDemandeur":"Email al solicitante",
"BoutonMauvaiseAffectation":"Asignación incorrecta",
"AucuneDemandeCorrespondante":"Ninguna solicitud correspondiente",
"SupprimerDemande": "",
"SousTitre": 
		{
			"administrationgestionSiteChoix":"Gestion d'un site",
			"administrationgestionSite":"Gestion du site",
			"demandesAfficheDemande":"Nueva solicitud de intervención",
			"mesdemandesAfficheDemande":"Consulta/Modificación de una solicitud de intervención", 
			"mesdemandesmesdemandes":"Lista de mis solicitudes",
			"mesdemandesAfficheAvisDemande":"Su opinión sobre el tratamiento de su solicitud", 
			"majmaj":"Búsqueda de una solicitud de intervención", 
			"indicateurschoix_export":"Exportación Excel de las solicitudes",
			"affectationAfficheDemande":"Asignación de una solicitud de intervención",
			"indicateursindicateurs":"Exportación Excel de las solicitudes",
			"administrationCommunication":"Comunicación",
			"administrationStats":"",
			"affectationaffectation":"",
			"administrationadministration":""
		},
"Onglet_NouvelleDemande":"Nueva solicitud",
"Onglet_MesDemandes":"Mis solicitudes",
"Onglet_Affectation":"Asignación",
"Onglet_MiseAJour":"Tratamiento",
"Onglet_Indicateurs":"Indicadores",
"Onglet_Administration":"Administración",
"GestionDesSites":"Gestión de las plantas",
"GestionDesProblemes":"Gestión de los intervenciones",
"GestionDesSousProblemes":"Gestión de los subintervenciones",
"GestionDesLieuxIntervention":"Gestión de los lugares de intervención",
"GestionDesSousLieuxIntervention":"Gestión de los niveles",
"GestionDesTpsReaction": "Gestión del tiempo de reacción",
"GestionDesTpsDepannage": "Gestión del tiempo de solución de problemas",
"GestionDesUtilisateurs":"Gestión de los usuarios",
"GestionComm":"Gestión de la comunicación",
"GestionDesSocietes":"Gestión de las sociedades interventoras",
"IndicateurExportExcel":"Exportación Excel de las solicitudes",
"ListeDesProblemes":"Lista de intervenciones",
"ListeDesLieuxIntervention":"Lista de los lugares de intervención",
"Intitule":"Título",
"ModifierCeProblme":"Modificar este intervención",
"AucunProblemesEnregistre":"No se ha registrado ningún intervención",
"ModifierLieuxIntervention":"Modificar este lugar de intervención",
"AucunLieuxInterventionEnregistre":"No se ha registrado ningún lugar de intervención",
"RetourMenuDadministration":"Volver al menú de administración",
"SelectionnezUnProbleme":"Seleccione un intervención",
"SelectionnezUnLieuxIntervention":"Seleccione un lugar de intervención",
"VousDevezSaisirUnIntitule":"Debe introducir obligatoriamente un título",
"FormulaireDeSaisieDunProbleme":"Formulario de introducción de un intervención",
"SaisissezLintituleDuProbleme":"Introduzca el título del intervención",
"RevenirALaListeDesProblemes":"Volver a la lista de intervenciones",
"FormulaireDeSaisieDunLieuxIntervention":"Formulario de introducción de un lugar de intervención",
"SaisissezLintituleDuLieuxIntervention":"Introduzca el título del lugar de intervención",
"RevenirALaListeDesLieuxIntervention":"Volver a la lista de lugares de intervención",
"ListeDesSocietes":"Lista de las sociedades interventoras",
"Actif":"Activo",
"Inactif":"Inactivo",
"Oui":"Sí",
"Non":"No",
"ModifierCetteSociete":"Modificar esta sociedad",
"AucuneSocieteEnregistre":"Ninguna sociedad registrada",
"titreExport":"Solicitudes intervención",
"TabOuiNon":
		{
			"0":"No",
			"1":"Sí"
		},
"SelectionnezUneSociete":"Seleccione una empresa",
"VousDevezSaisirUnNom":"Debe introducir un nombre",
"FormulaireDeSaisieDuneSociete":"Formulario de introducción de una sociedad",
"NouvelleDemandeDeTravaux":"Nueva solicitud de intervención",
"LesChampsMarquesDunAsterisque":"Los campos marcados con un * son obligatorios.",
"SaisiPar":"Introducido por",
"PersonneAContacter":"Solicitante",
"cdc":"Número de cuenta del servicio",
"LieuIntervention":"Lugar de intervención",
"SousLieuIntervention":"Nivel",
"AjouterLieuASelection":"Añadir un lugar a la selección",
"RetirerLieuDeSelection":"Retirar un lugar de la selección",
"PreciserLieuSiBesoin":"Precisar el lugar (Pilar, Operación...)",
"NatureDesTravaux":"Naturaleza del intervención",
"Probleme":"Intervención",
"Probleme2":"Intervención de nivel 2",
"Designation":"Denominación",
"PanneBloquante":"¿La avería supone un bloqueo?",
"RaisonPanneBloquante":"En caso afirmativo, ¿por qué?",
"LieuEtDemandeur":"Lugar y solicitante",
"PanneBloquanteAlt":"Avería con bloqueo",
"AjouterDocs":"Añadido de documentos",
"DocsAssocies":"Documentos relacionados con la demanda",
"BoutonEnregistrerWithDocs":"Registrar demanda y añadir documentos",
"Aucun":"No hay documentos relacionados con la demanda",
"BoutonValider":"Validar",
"AttributionDeLaDemande":"Atribución de la solicitud",
"DateDebutIntervention":"Fecha de inicio de intervención",
"DateFinIntervention":"Fecha de fin de intervención",
"Commentaire":"Comentario",
"ResolutionDeLaDemande":"Resolución de la solicitud ",
"AucunBatimentsDesigne":"No se ha designado ningún edificio",
"ModificationDemandeDeTravaux":"Modificación de una solicitud de intervención",
"CloturerLaDemande":"Cerrar la solicitud",
"ConfirmationClotureDemande":"¿Confirma el cierre de esta solicitud?",
"SocietesIntervenantes":"Sociedades interventoras",
"Nom":"Nombre",
"Tel":"Teléfono",
"Fax":"Fax",
"AucuneSocieteAssociee":"No se ha asociado ninguna empresa a esta solicitud",
"PanneBloquantedesc":"Con bloqueo en su actividad y/o intervención de seguridad",
"CreeeLe":"Creada el",
"EnvoyeeLe":"Enviada el ",
"TraiteeLe":"Tratada el",
"EnCoursDepuisLe":"En curso desde el ",
"Bloquante":"Con bloqueo",
"Relancer":"Reiterar",
"Relancee":"Reiterada",
"RelanceeLe":"Reiterada el",
"SurRelancer":"¿Está seguro de querer reiterar esta solicitud?",
"DemandeRelanceOK":"Su solicitud de intervención se reiteró correctamente.",
"DemandeAEteRelance":"Esta solicitud de intervención se reiteró.",
"CommentaireRelance":"Comentario reiterado",
"RechercheDemandetravaux":"Búsqueda de una solicitud de intervención",
"SaisissezLesCriteres":"Introduzca los diferentes criterios de búsqueda.",
"NumeroFicheIntervention":"Número de la ficha de intervención",
"VeuillezTaperUnNumerique ":"Escriba un numérico.",
"ChargeDaffaire":"Encargado de negocio",
"Dispatcheur":"Dispatchador",
"Tempspreaction":"Tiempo previsto de capacidad de reacción",
"Tempsdepannage":"Tiempo previsto de reparación",
"CommentaireAffectation":"Comentario de asignación",
"AvancementTravaux":"Avance de los intervenciones",
"EtatNonDebute":"No iniciado",
"EtatAffecteCA":"Asignada - pendiente de tenerse en cuenta",
"EtatEnCours":"En curso de realización",
"EtatTermine":"Terminado",
"EtatMauvaiseAffectation":"Asignación incorrecta",
"Tous":"Todos",
"Annee":"Año",
"LancerLaRecherche":"Lanzar la búsqueda",
"LancerLaRechercheBrut": "Export au format CSV",
"SelectionnezUnEtat":"Seleccione un estado",
"SelectionnezUnCA":"Seleccione un Encargado de Negocios",
"SocietesExistantes":"Sociedades existentes",
"SocietesChoisies":"Sociedades seleccionadas",
"VotreAvis":"Su opinión",
"Avis":"Opinión",
"TexteAvis":
	{
		"1":"--",
		"2":"-",
		"3":"+",
		"4":"++"	
	},
"ResultatDeLaRechercheAffectation":"Lista de solicitudes pendiente de asignación",
"ResultatDeLaRecherche":"Resultado de la búsqueda",
"PasDeReponses":"Sin respuesta.",
"NumeroFiche":"Número de ficha",
"DateDemande":"Fecha de la solicitud",
"ChargeAffaire":"Encargado de negocio",
"LieuxDintervention":"Lugares de intervención",
"Etat":"Informe ",
"ExplicationAffichageFiche ":"Para ver la ficha deseada, pinche en el pequeño icono de la izquierda.",
"NonDetermine":"No determinado",
"ModifierLaDemande":"Modificar la solicitud",
"ConsulterLaDemande":"Consultar la solicitud",
"EnvoyerMailCA":"Enviar un email al encargado de negocio de esta solicitud",
"EnvoyerMailDemandeur":"Enviar un email a la persona de contacto de esta solicitud",
"MesDemandes":"Mis solicitudes",
"SupprimerCetteSociete":"Eliminar esta sociedad",
"ImprimerDemande":"Imprimir la solicitud",
"DonnerAvis":"Opine",
"IndicateurDemandesPourUnBatiment":"Indicador de las solicitudes para un edificio",
"IndicateurDemandesPourUnProbleme":"Indicador de las solicitudes para un intervención",
"IndicateurDemandesAnnee":"Indicador de las solicitudes en un año",
"RepartitionSurUnBatiment":"Distribución de las solicitudes por intervenciones en un edificio",
"RepartitionSurUnProbleme":"Distribución de las solicitudes por edificios para un intervención",
"RepartitionSurUneAnnee":"Distribución de las solicitudes en un año",
"TitreIndicateursBatiment":"Número de solicitudes",
"AxeXIndicateursBatiment":"Intervenciones",
"TitreIndicateursProbleme":"Número de solicitudes",
"AxeXIndicateursProbleme":"Edificios",
"TitreIndicateursAnnee":"Número de solicitudes",
"AxeXIndicateursAnnee":"Mes ",
"NombreDeDemandes":"Número de solicitudes",
"ListeEtat[0]":"Estado No Inicio",
"ListeEtat[1]":"Estado Asignado Encargado de negocio",
"ListeEtat[2]":"Estado Terminado",
"ListeEtat[3]":"Estado Asignación Incorrecta",
"ListeEtat[4]":"Estado En Curso",
"ListeEtat":
	{
		"0":"Estado No Inicio",
		"1":"Estado Asignado Encargado de negocio",
		"2":"Estado Terminado",
		"3":"Estado Asignación Incorrecta",
		"4":"Estado En Curso"
	},
"MsgDateExportNonSaisie":"El período de extracción de las solicitudes de intervención es incorrecto.",
"LaDateDemande":"La fecha de solicitud de intervención",
"EntreLe":"entre el",
"EtLe":"y el",
"InferieurDateTraitement":"debe ser inferior a la fecha de tratamiento.",
"Janvier":"enero",
"Fevrier":"febrero",
"Mars":"marzo",
"Avril":"abril",
"Mai":"mayo",
"Juin":"junio",
"Juillet":"julio",
"Aout":"agosto",
"Septembre":"septiembre",
"Octobre":"octubre",
"Novembre":"noviembre",
"Decembre":"diciembre",
"VeuillezSaisir": "Por favor, introduzca:",
"ContactOblig": "- un contacto",
"SiteOblig": "- una planta",
"ProblemeOblig": "- un intervención",
"Probleme2Oblig":"un Intervención 2",
"LieuOblig":"- un lugar",
"SousLieuOblig":"- un nivel",
"LieuPrecisOblig":"- un lugar preciso",
"CAOblig":"- un encargado de negocio",
"DateDebutIntervOblig":"- la fecha de inicio de intervención",
"HeureDebutIntervOblig":"- la hora de inicio de intervención",
"MinDebutIntervOblig":"- los minutos de inicio de intervención",
"DateFinIntervOblig":"- la fecha de fin de intervención",
"HeureFinIntervOblig":"- la hora de fin de intervención",
"MinFinIntervOblig":"- los minutos de fin de intervención",
"AvisOblig":"- su opinión",
"MsgHeureFinNonSaisie":"La hora de fin no se ha introducido correctamente",
"LaDateDebut":"La fecha de inicio",
"InferieurDateFin":"debe ser inferior a la fecha de fin",
"MailIci":"aquí",
"MailPriseCompteSujet":"Recepción de su solicitud de intervención N° ",
"MailPriseCompteCorps":"La solicitud de intervención N°#id_demande se ha asignado al encargado de negocio #NomCA. Puede seguir la evolución de su solicitud #ICI",
"MailDesignationCASujet ":"Atribución de la solicitud de intervención N°",
"MailDesignationCACorps ":"La solicitud de intervención N°#id_demande le ha sido asignada. Podrá introducir los datos relativos a esta solicitud #ICI.",
"MailMajSujet ":"Avance de la solicitud de intervención N°",
"MailMajCorps ":"Los datos relativos a su solicitud de intervención N°#id_demande se han modificado. Podrá consultar el avance de la solicitud #ICI.",
"MailClotureSujet ":"Cierre de la solicitud de intervención N°",
"MailClotureCorps ":"Su solicitud de intervención N°#id_demande acaba de cerrarse. Podrá consultar los datos asociados a esta solicitud #ICI.",
"MailClotureCorps2 ":"Puede opinar sobre su tratamiento #ICI.",
"MailRelanceSujet ":"Recordatorio de la solicitud de intervención N°",
"MailRelanceCorps ":"Le han recontactado para la solicitud de intervención N°#id_demande. Podrá consultar los datos asociados a esta solicitud #ICI.",
"MailSuiviAvisSujet":"Notificación de una opinión negativa en respuesta a la resolución de la demanda ",
"MailSuiviAvisCorps":"Una opinión negativa ha sido emitida por el solicitante en respuesta al cierre de la demanda #id_demande.<br>Usted puede ver los datos relacionados con esta demanda #ICI.",
"SiteCAOblig ":"Introduzca una planta para el encargado de negocio",
"SiteAdminOblig":"Introduzca una planta para el administrador",
"FonctionSeulementDispatcheur":"Esta función está reservada para los administradores y los encargados del negocio dispatch.",
"GestionDesTypesProblemes": "Gestión de los tipos de intervenciones",
"GestionDesNaturesProblemes": "Gestión de las naturalezas de intervenciones",
"TypeProbleme": "Tipo de intervención",
"NatureProbleme": "Naturaleza del intervención",
"TypeProblemeOblig": "- un tipo intervención",
"NatureProblemeOblig": "- una naturaleza de intervención",
"AvisTexte": "",
"Ok": "",
"confSupprDemande": "Voulez-vous supprimer cette demande?",
"supprStatutBloquant": "Enlever le statut bloquant de cette demande?",
"excelCountLbl": "Le temps de réponse peut être long, suivant les critères que vous avez renseignés",
"site":"Sitio",
"interventionLocation":"Lugar de intervención",
"specifyLocation":"Zona",
"interventionType":"Tipo de intervención",
"interventionNature":"Naturaleza del intervención",
"level2Intervention":"Intervención de nivel 2",
"attachment":"Attachments",
"attachmentLabel":"Example: .docx, pdf, jpeg, png",
"dragLabel":"Drag and drop",
"file":"File",
"url":"Url",
"urlPlaceholder":"Enter the Url",
"LangueGe":"German",
"LangueBr":"Brazilian",
"LangueEn":"English",
"LangueEs":"Spanish",
"LangueFr":"French",
"LangueIt":"Italian",
"LanguePo":"Portuguese",
"LangueRo":"Romanian",
"LangueRu":"Russian",
"LangueTu":"Turkish",
"Annuaire":"Directory",
"Matricule":"Identification number",
"BoutonRechercher":"Search",
"BoutonAutreRecherche":"Other search",
"noResultats":"no results",
"Action":"Action",
"ProblemeAllocation":"Problème",
"AdditionalInfo":"Information additionnelle",
"total":"total",
"Title":"Ingrese el título",
"responseTime":"Gestión del tiempo de reacción",
"fixingTime":"Gestión del tiempo de solución de problemas",
"Creee":"Creada",
"Envoyee":"Enviada"
}