{
"NomApplication": "Demandes d'intervention",
"Precedent": "Précédent",
"Retour": "Retour",
"Creer": "Créer",
"Enregistrement": "Enregistrement.",
"Annuler": "Annuler",
"Fermer": "Fermer",
"Enregistrer": "Enregistrer",
"EnregistrerLesDonnees": "Enregistrer les données",
"SaisissezLesInformations": "Saisissez les informations",
"Rechercher": "Rechercher",
"BoutonCloturer": "Cloturer",
"BoutonMailCA": "Mail au CA",
"BoutonMailDemandeur": "Mail au demandeur",
"BoutonMauvaiseAffectation": "Mauvaise affectation",
"AucuneDemandeCorrespondante": "Aucune demande correspondante",
"SupprimerDemande": "Supprimer demande",
"SousTitre": 
		{
			"administrationgestionSiteChoix":"Gestion d'un site",
			"administrationgestionSite":"Gestion du site",
			"demandesAfficheDemande":"Nouvelle demande d'intervention",
			"mesdemandesAfficheDemande":"Consultation/Modification d'une demande d'intervention", 
			"mesdemandesmesdemandes":"Liste de mes demandes",
			"mesdemandesAfficheAvisDemande":"Votre avis sur le traitement de votre demande", 
			"majmaj":"Recherche d'une demande d'intervention", 
			"indicateurschoix_export":"Export Excel des demandes",
			"affectationAfficheDemande":"Affectation d'une demande d'intervention",
			"indicateursindicateurs":"Export Excel des demandes",
			"administrationCommunication":"Communication",
			"administrationStats":"Statistiques d'utilisation",
			"affectationaffectation":"Liste des demandes en attente d'affectation",
			"administrationadministration":"Administration"
		},
"Prenom": "Prénom", 
"Onglet_NouvelleDemande": "Nouvelle demande",
"Onglet_MesDemandes": "Mes demandes",
"Onglet_Affectation": "Affectation",
"Onglet_MiseAJour": "Traitement",
"Onglet_Indicateurs": "Indicateurs",
"Onglet_Administration": "Administration",
"GestionDesSites": "Gestion des sites",
"GestionInfoDesSites": "Gestion des informations supplémentaires d'un site",
"VeuillezChoisirUnSite": "Veuillez choisir un site.",
"VeuillezChoisirUneAPI": "Veuillez choisir une API pour le site.",
"VeuillezChoisirUnTimeZone": "Veuillez choisir un fuseau horaire pour le site.",
"ddeAvecSousLieu": "Demande avec sous-lieu ?",
"siteAAccesRestreint": "Site à accès restreint ?",
"quiAAcces": "Qui à accès ?",
"GestionDesProblemes": "Gestion des interventions",
"GestionDesSousProblemes": "Gestion des sous-interventions",
"GestionDesLieuxIntervention": "Gestion des lieux d'intervention",
"GestionDesTpsReaction": "Gestion des temps de réaction",
"GestionDesTpsDepannage": "Gestion des temps de dépannage",
"GestionDesSousLieuxIntervention": "Gestion des niveaux",
"GestionDesUtilisateurs": "Gestion des utilisateurs",
"GestionComm": "Gestion de la communication",
"GestionDesSocietes": "Gestion des sociétés intervenantes",
"IndicateurExportExcel": "Export Excel des demandes",
"ListeDesProblemes": "Liste des interventions",
"ListeDesLieuxIntervention": "Liste des lieux d'intervention",
"Intitule": "Intitulé",
"ModifierCeProblme": "Modifier cette intervention",
"AucunProblemesEnregistre": "Aucune intervention n'a été enregistrée",
"ModifierLieuxIntervention": "Modifier ce lieu d'intervention",
"AucunLieuxInterventionEnregistre": "Aucun lieu d'intervention n'a été enregistré",
"RetourMenuDadministration": "Retour au menu d'administration",
"SelectionnezUnProbleme": "Sélectionnez une intervention",
"SelectionnezUnLieuxIntervention": "Sélectionnez un lieu d'intervention",
"VousDevezSaisirUnIntitule": "Vous devez obligatoirement saisir un intitulé",
"FormulaireDeSaisieDunProbleme": "Formulaire de saisie d'une intervention",
"SaisissezLintituleDuProbleme": "Saisissez l'intitulé de l'intervention",
"RevenirALaListeDesProblemes": "Revenir à la liste des interventions",
"FormulaireDeSaisieDunLieuxIntervention": "Formulaire de saisie d'un lieu d'intervention",
"SaisissezLintituleDuLieuxIntervention": "Saisissez l'intitulé du lieu d'intervention",
"RevenirALaListeDesLieuxIntervention": "Revenir à la liste des lieux d'intervention",
"ListeDesSocietes": "Liste des sociétés intervenantes",
"Actif": "Actif",
"Inactif": "Inactif",
"Oui": "Oui",
"Non": "Non",
"ModifierCetteSociete": "Modifier cette societe",
"AucuneSocieteEnregistre": "Aucune société enregistrée",
"titreExport": "Demandes intervention",
"TabOuiNon":
		{
			"0":"Non",
			"1":"Oui"
		},
"SelectionnezUneSociete": "Sélectionnez une société",
"VousDevezSaisirUnNom": "Vous devez saisir un nom",
"FormulaireDeSaisieDuneSociete": "Formulaire de saise d'une societe",
"NouvelleDemandeDeTravaux": "Nouvelle demande d'intervention",
"LesChampsMarquesDunAsterisque": "Les champs marqués d'un <strong class\"RnoMandatory\">*</strong> sont obligatoires.",
"SaisiPar": "Saisi par",
"PersonneAContacter": "Demandeur",
"cdc": "Centre de cout",
"LieuIntervention": "Lieu d'intervention",
"SousLieuIntervention": "Niveau",
"AjouterLieuASelection": "Ajouter un lieu à la selection",
"RetirerLieuDeSelection": "Retirer un lieu de la sÃ©lection",
"PreciserLieuSiBesoin": "Préciser le lieu",
"NatureDesTravaux": "Nature de l'intervention",
"Probleme": "Intervention",
"Probleme2": "Intervention de niveau 2",
"Designation": "Désignation",
"PanneBloquante": "La panne est-elle bloquante ?",
"RaisonPanneBloquante": "Si Oui, Pourquoi ?",
"LieuEtDemandeur": "Lieu et demandeur",
"PanneBloquanteAlt": "Panne bloquante",
"AjouterDocs": "Ajout de documents",
"DocsAssocies": "Documents associés à la demande",
"BoutonEnregistrerWithDocs": "Enregistrer demande et ajouter des documents",
"Aucun": "Aucun document n'est associé à la demande",
"BoutonValider": "Valider",

"AttributionDeLaDemande": "Attribution de la demande",
"DateDebutIntervention": "Date de début d'intervention",
"DateFinIntervention": "Date de fin d'intervention",
"Commentaire": "Commentaire",
"ResolutionDeLaDemande": "Résolution de la demande",
"AucunBatimentsDesigne": "Aucun bâtiment n'a été désigné",
"ModificationDemandeDeTravaux": "Modification d'une demande d'intervention",
"CloturerLaDemande": "Clôturer la demande",
"ConfirmationClotureDemande": "Confirmez-vous la clôture de cette demande?",
"SocietesIntervenantes": "Sociétés intervenantes",
"Nom": "Nom",
"Tel": "Tel",
"Fax": "Fax",
"AucuneSocieteAssociee": "Aucune société n'a été associée à cette demande",
"PanneBloquantedesc": "Bloquant dans votre activité et/ou intervention de sécurité",
"CreeeLe": "Créée le",
"EnvoyeeLe": "Envoyée le",
"TraiteeLe": "Traitée le",
"EnCoursDepuisLe": "En cours depuis le",
"Bloquante": "Bloquante",
"Relancer": "Relancer",
"Relancee": "Relancée",
"RelanceeLe": "Relancée le",
"SurRelancer": "Etes-vous certain de vouloir relancer cette demande ?",
"DemandeRelanceOK": "Votre demande d'intervention a bien été relancée.",
"DemandeAEteRelance": "Cette demande d'intervention a été relancée.",
"CommentaireRelance": "Commentaire relance",
"RechercheDemandetravaux": "Recherche d'une demande d'intervention",
"SaisissezLesCriteres": "Saisissez les différents critères de recherche.",
"NumeroFicheIntervention": "Numéro de la fiche d'intervention",
"VeuillezTaperUnNumerique": "Veuillez taper un numérique.",
"ChargeDaffaire": "Chargé d'affaire",
"Dispatcheur": "Dispatcheur",
"Tempspreaction": "Temps prévu de réactivité",
"Tempsdepannage": "Temps prévu de depannage",
"CommentaireAffectation": "Commentaire affectation",
"AvancementTravaux": "Avancement des interventions",
"EtatNonDebute": "Non débuté",
"EtatAffecteCA": "Affectée - en attente de prise en compte",
"EtatEnCours": "En cours de réalisation",
"EtatTermine": "Terminé",
"EtatMauvaiseAffectation": "Mauvaise affectation",
"Tous": "Tous",
"Annee": "Année",
"LancerLaRecherche": "Attention, un nombre de lignes trop important peut entrainer un temps d'export élevé. Ne cliquer pas plusieurs fois sur le bouton",
"LancerLaRechercheBrut": "Export au format CSV",
"SelectionnezUnEtat": "Sélectionnez un état",
"SelectionnezUnCA": "Sélectionnez un CA",
"SocietesExistantes": "Sociétés existantes",
"SocietesChoisies": "Sociétés choisies",
"VotreAvis": "Votre avis",
"Avis": "Avis",
"TexteAvis[1]": "--",
"TexteAvis[2]": "-",
"TexteAvis[3]": "+",
"TexteAvis[4]": "++",
"ResultatDeLaRechercheAffectation": "Liste des demandes en attente d'affectation",
"ResultatDeLaRecherche": "Resultat de la recherche",
"PasDeReponses": "Pas de réponses.",
"NumeroFiche": "N° fiche",
"DateDemande": "Date de la demande",
"ChargeAffaire": "Chargé d'affaire",
"LieuxDintervention": "Lieux d'intervention",
"Etat": "Etat",
"ExplicationAffichageFiche": "Pour afficher la fiche souhait&eacute,e, cliquez sur le petit ic&ocirc,ne &agrave, gauche.",
"NonDetermine": "Non déterminé",
"ModifierLaDemande": "Modifier la demande",
"ConsulterLaDemande": "Consulter la demande",
"EnvoyerMailCA": "Envoyer un mail au chargé d'affaire de cette demande",
"EnvoyerMailDemandeur": "Envoyer un mail à la personne à contacter de cette demande",
"MesDemandes": "Mes demandes",
"SupprimerCetteSociete": "Supprimer cette société",
"ImprimerDemande": "Imprimer la demande",
"DonnerAvis": "Donnez votre avis",
"IndicateurDemandesPourUnBatiment": "Indicateur des demandes pour un bâtiments",
"IndicateurDemandesPourUnProbleme": "Indicateur des demandes pour des interventions",
"IndicateurDemandesAnnee": "Indicateur des demandes sur une année",
"RepartitionSurUnBatiment": "Répartition des demandes par intervention sur un bâtiment",
"RepartitionSurUnProbleme": "Répartition des demandes par bâtiment pour une intervention",
"RepartitionSurUneAnnee": "Répartition des demandes sur une année",
"TitreIndicateursBatiment": "Nombre de demandes",
"AxeXIndicateursBatiment": "Problemes",
"TitreIndicateursProbleme": "Nombre de demandes",
"AxeXIndicateursProbleme": "Batiments",
"TitreIndicateursAnnee": "Nombre de demandes",
"AxeXIndicateursAnnee": "Mois",
"NombreDeDemandes": "Nombre de demandes",
"ListeEtat":
	{
		"0":"EtatNonDebute",
		"1":"EtatAffecteCA",
		"2":"EtatTermine",
		"3":"EtatMauvaiseAffectation",
		"4":"EtatEnCours"
		
	},
"MsgDateExportNonSaisie": "La periode d'extraction des demandes d'intervention est incorrect.",
"LaDateDemande": "La date de demande d'intervention",
"EntreLe": "entre le",
"EtLe": "et le",
"InferieurDateTraitement": "doit être inferieur à la date de traitement.",
"Janvier": "Janv.",
"Fevrier": "Fév.",
"Mars": "Mars",
"Avril": "Avril",
"Mai": "Mai",
"Juin": "Juin",
"Juillet": "Juillet",
"Aout": "Aôut",
"Septembre": "Sept.",
"Octobre": "Oct.",
"Novembre": "Nov.",
"Decembre": "Déc.",
"VeuillezSaisir": "Veuillez saisir :",
"ContactOblig": "- un contact",
"SiteOblig": "- un site",
"ProblemeOblig": "- une intervention",
"Probleme2Oblig": "- un Probleme2",
"LieuOblig": "- un lieu",
"SousLieuOblig": "- un niveau",
"LieuPrecisOblig": "- un lieu précis",
"CAOblig": "- un chargé d'affaire",
"DateDebutIntervOblig": "- la date de début d'intervention",
"HeureDebutIntervOblig": "- l'heure de début d'intervention",
"MinDebutIntervOblig": "- les minutes de début d'intervention",
"DateFinIntervOblig": "- la date de fin d'intervention",
"HeureFinIntervOblig": "- l'heure de fin d'intervention",
"MinFinIntervOblig": "- les minutes de fin d'intervention",
"AvisOblig": "- votre avis",
"MsgHeureFinNonSaisie": "L'heure de fin n'a pas été saisie correctement",
"LaDateDebut": "La date de début",
"InferieurDateFin": "doit être infÃ©rieur à la date de fin",
"MailIci": "ici",
"MailPriseCompteSujet": "Prise en charge de votre demande d'intervention N°",
"MailPriseCompteCorps": "La demande d'intervention N°#id_demande a été attribuée au chargé d'affaire #NomCA.<br>Vous pourrez suivre l'évolution de votre demande #ICI,",
"MailDesignationCASujet ": "Attribution de la demande d'intervention N°",
"MailDesignationCACorps": "La demande d'intervention N°#id_demande vous a été attribuée.<br>Vous pourrez remplir les données relatives à cette demande #ICI.",
"MailMajSujet": "Avancement de la demande d'intervention N°",
"MailMajCorps": "Les données concernant votre demande d'intervention N°#id_demande ont été modifiées.<br>Vous pourrez consulter l'avancement de la demande #ICI.",
"MailClotureSujet": "Cloture de la demande d'intervention N°",
"MailClotureCorps": "Votre demande d'intervention N°#id_demande vient d'être cloturée.<br>Vous pourrez consulter les données associées à cette demande #ICI.",
"MailClotureCorps2": "<br>Vous pouvez donner votre avis sur son traitement #ICI.",
"MailRelanceSujet": "Relance de la demande d'intervention N°",
"MailRelanceCorps": "Vous avez été relancé pour la demande d'intervention N°#id_demande.<br>Vous pourrez consulter les données associées à cette demande #ICI.",
"MailSuiviAvisSujet": "Notification d'un avis négatif suite à la résolution de la demande ",
"MailSuiviAvisCorps": "Un avis négatif a été émis par le demandeur suite à la cloture de la demande #id_demande.<br>Vous pouvez consulter les données associées à cette demande #ICI.",
"SiteCAOblig": "Veuillez choisir un site pour le chargé d'affaire",
"SiteAdminOblig": "Veuillez choisir un site pour l'administrateur",
"FonctionSeulementDispatcheur": "Cette fonctionnalité est réservée aux administrateurs et aux chargés d'affaire dispatcheur.",
"GestionDesTypesProblemes": "Gestion des types de interventions",
"GestionDesNaturesProblemes": "Gestion des natures de interventions",
"TypeProbleme": "Type de l'intervention",
"NatureProbleme": "Nature de l'intervention",
"TypeProblemeOblig": "- un type de intervention",
"NatureProblemeOblig": "- une nature de intervention",
"AvisTexte": "Avis",
"Ok": "Ok",
"confSupprDemande": "Voulez-vous supprimer cette demande?",
"supprStatutBloquant": "Enlever le statut bloquant de cette demande?",
"excelCountLbl": "Le temps de réponse peut être long, suivant les critères que vous avez renseignés",
"site":"Site",
"interventionLocation":"Lieu",
"specifyLocation":"Sous lieu",
"interventionType":"Type de l'intervention",
"interventionNature":"Nature de l'intervention",
"level2Intervention":"Intervention de niveau 2",
"attachment":"Pièces jointes",
"attachmentLabel":"Exemple: .docx, pdf, jpeg, png",
"dragLabel":"Glisser déposer",
"file":"Fichier",
"url":"Url",
"urlPlaceholder":"Entrez l'URL",
"LangueAl": "Allemand",
"LangueGe":"Allemand",
"LangueBr":"Brésilien",
"LangueEn":"Anglais",
"LangueEs":"Espagnol",
"LangueFr":"Français",
"LangueIt":"Italien",
"LanguePo":"Portugais",
"LangueRo":"Roumain",
"LangueRu":"Russe",
"LangueTu":"Turc",
"Annuaire":"Annuaire",
"Matricule":"Matricule",
"BoutonRechercher":"Rechercher",
"BoutonAutreRecherche":"Autre Recherche",
"noResultats":"pas de résultats",
"Action":"Action",
"ProblemeAllocation":"Problème",
"LangueTable": 
		{
			"Al":"Allemand",
			"Br":"Brésilien",
			"En":"Anglais",
			"Es":"Espagnol", 
			"Fr":"Français",
			"It":"Italien", 
			"Po":"Portugais", 
			"Ro":"Roumain",
			"Ru":"Russe",
			"Tu":"Turc"
		},
"BoutonAccepter": "Accepter",	
"BoutonAjouter": "Ajouter",
"BoutonAnnuler": "Annuler",	
"BoutonAnnulerSaisie": "Annuler la Saisie",
"BoutonConfigurer": "Configurer",
"BoutonCorriger": "Corriger",
"BoutonConsulter": "Consulter",		
"BoutonContinuer": "Continuer",
"BoutonDetailler": "Détailler",	
"BoutonEnregistrer": "Enregistrer",	
"BoutonEnvoyerSignature": "Envoyer en signature",
"BoutonFermer": "Clôturer",
"BoutonFermerFenetre": "Fermer cette fenetre",
"BoutonModifier": "Modifier",	
"BoutonOuvrir": "Ouvrir",
"BoutonPrecedent": "Précédent",
"BoutonPublier": "Publier",
"BoutonRefuser": "Refuser",	
"BoutonSigner": "Signer",
"BoutonSuivant": "Suivant",
"BoutonSupprimer": "Supprimer",
"BoutonToutEfface": "Tout effacer",
"BoutonTraduire": "Traduire",
"BoutonQuitter": "Quitter",
"BoutonRetour": "Retour",
"BoutonTerminer": "Terminer",
"BoutonExporter": "Exporter",
"BoutonExporterBrut": "Export Brut",
"BoutonEnvoyer": "Envoyer",
"OngletEtatsSynthese": "Etats de synthèse",
"OngletAdministration": "Administration",
"OngletAutorisation": "Autorisation",
"OngletAide": "Aide",
"OngletAPropos": "A propos",
"IconeExcelAlt": "Ouvrir cette page sous Excel",
"IconeImprimerAlt": "Imprimer cette page",
"Documentation": "Documentation",
"CommentaireDocumentation": "Documentation utilisateur concernant l'application",
"Aproposde": "A propos de",
"CommentaireAproposde": "Informations générales sur l'application",
"CommentaireAnnuaire": "Rechercher une personne dans l'annuaire",
"MoteurRecherche": "Moteur de recherche",
"CommentaireMoteurRecherche": "Rechercher un document du web de VSF",
"Introduction": "Introduction",
"AproposDe": "A propos de",
"Presentation": "Présentation",
"PagePrecedente": "Page précédente",
"PageSuivante": "Page suivante",
"Imprimer": "Imprimer",
"FermerCetteFenetre": "Fermer cette fenetre",
"Apropos": "A propos",
"QuelleApplication": "Quelle Application ?",
"InfoGenerales": "Informations générales",
"Ousuisje": "Ou suis-je ?",
"PasInfoDispo": "Pas d'informations disponibles.",
"Quisuisje": "Qui suis-je ?",
"CommentAccederAppli": "Comment accéder à cette application ?",
"MesInfoPerso": "Mes informations personnelles",
"QuellesAutorisations": "Quelles Autorisations ?",
"MesAutorisationsAppli": "Mes Autorisations d'accés à cette application",
"Securite": "Sécurité",
"SecuriteConfidentialite": "Sécurité et confidentialité",
"TexteSecurite": "Cette application est destinée à un usage strictement réservé au personnel Renault et aux partenaires",
"Msg_enregistrement_en_cours": "Enregistrement\n",
"Msg_enregistrement_en_cours_txt": "Les informations sont en cours d'enregistrement...\n",
"Msg_suppression_en_cours": "Suppression en cours\n",
"Msg_suppression_des_autorisations_en_cours": "Suppression des autorisations d'accés en cours...",
"Msg_enregistrement_termine": "<B><I>Enregistrement terminé.</I></B>\n",
"Msg_suppression_termine": "<B><I>Suppression terminée.</I></B>\n",
"Msg_erreur_enregistrement": "Une erreur s'est produite lors de l'enregistrement. Contactez la hotline au 11000 et donnez lui les messages de cette page Merci.",
"Msg_erreur_suppression": "Une erreur s'est produite lors de la suppression.<br>Contactez la hotline au 11000 et donnez lui les messages de cette page.<br>Merci.",
"Utilisateur": "Utilisateur",
"Email": "E-mail",
"CompteWeb": "Compte Web",
"IPN": "IPN",
"nom": "nom",    	   
"prenom": "prénom", 	   
"matricule": "matricule",
"email": "e-mail",
"CourrierElectronique": "courrier électronique",
"Date": "Date", 	   
"et": "et",
"Le": "Le",
"La": "La",
"Un": "Un",
"Une": "Une",
"Active": "Actif",
"Tout": "Tout",
"TitreGeneriqueApplication": "Titre de l'application",
"SousTitreGeneriqueApplication": "Sous-titre de l'application",
"RetourPageAcceuil": "Retour à la page d'accueil du Web",
"TitreMaintenance": "Application en Maintenance",
"TexteMaintenance": "L'application est actuellement en maintenance.<br>Nous faisons notre maximum pour rétablir la situation dans les meilleurs délais<br>Veuillez nous excuser pour la gêne occasionnée.",
"Organisation": "Organisation",
"Societe": "Société",
"Departement": "Département",
"Departements": "Départements",
"Dpt": "Dpt",
"Direction": "Direction",
"Service": "Service",
"Services": "Services",
"Section": "Section",
"Sections": "Sections",
"societe": "société",
"departement": "département",
"service": "service",
"section": "section",
"API": "API",
"AdressePostaleInterne": "Adresse postale interne",
"Telephone": "Téléphone",
"MessagerieVocale": "Messagerie vocale",
"Mevo": "Messag. voc.",
"Libelle_mois": 
		{
			"1":"janvier",
			"2":"f&eacute,vrier",
			"3":"mars",
			"4":"avril", 
			"5":"mai",
			"6":"juin", 
			"7":"juillet", 
			"8":"ao&ucirc,t",
			"9":"septembre",
			"10":"octobre",
			"11":"novembre",
			"12":"d&eacute,cembre"
		},
"Libelle_jour": 
		{
			"Mon":"Lundi",
			"Tue":"Mardi",
			"Wed":"Mercredi",
			"Thu":"Jeudi", 
			"Fri":"Vendredi",
			"Sat":"Samedi", 
			"Sun":"Dimanche"
		},
"ErreurAcces": "Erreur d'habilitation",
"VousNAvezPasAccesACetteApplication": "Vous n'êtes pas habilité à accèder à cette application<br>Merci d'en contacter le responsable.",
"FonctionSeulementAdmin": "Cette fonctionnalité est réservée aux administrateurs.",
"DocumentsAssocies": "Documents Associ&eacute,s",
"BoutonDocument": "Pièces jointes",
"ListeDesDocs": "Liste des documents",
"AjouterDocument": "Ajouter un document",
"AjouterDocumentAlt": "Ajouter un nouveau document",
"ModifierDocument": "Modifier un des champs suivants",
"ModifierDocumentAlt": "Modifier le document courant",
"AbscenceDocument": "Vous devez choisir un fichier ayant un nom de moins de 80 caractères.",
"AbscenceURL": "Vous devez saisir une URL de moins de 2000 caractères.",
"AbscenceIntitule": "Vous devez saisir un intitulé de moins de 255 caractères.",
"Fichier": "Fichier",
"FichierExistant": "fichier existant",
"FichierRemplace": "fichier qui sera remplacé",
"OuURL": "ou Url",
"BoutonTester": "Tester",
"BoutonTesterAlt": "Tester cette URL.",
"Nouveau": "Nouveau",
"TailleIcone": "Taille des icones",
"Type": "Type",
"Apercu": "Aper&ccedil,u",
"TailleOctet": "Taille(octects)",
"TailleFichier": "Taille du fichier",
"Par": "Par",
"OuvrirDoc": "Cliquez pour ouvrir le document",
"OuvrirLien": "Cliquez pour ouvrir le lien",
"transfert": "Ajout de fichier",
"attenteTransfert": "Le document est en cours de transfert. Veuillez patientez.",
"DetailOrganisation": "Détail de l'organisation",
"XPersonnesAppartenantAOrg": "personne(s) appartien(nen)t à cette organisation",
"SousTitreAutorisation": "Référentiel d'acteurs",
"CritereAuto": "Périmètre de cet acteur",
"VousAutorisez": "Vous autorisez",
"AvecRoles": "avec le(s) r&ocirc,le(s)",
"Roles": "Rôles",
"RetourPagePrecedent": "Retour à la page précédente",
"EnregistrerAuto": "Enregistrer cette autorisation",
"AuMoinsUnRole": "Vous devez sélectionner au moins un rôle.",
"ParamManquant": "Attention, parametres manquants : ID_AUTO ou USERNAME_WEB ou ID_GROUPE ou US ou CCA ou SITE ou CATEGORIE.",
"DuDepartement": "du département",
"DuService": "du service",
"DeLaSection": "de la section",
"LeDepartement": "Le département",
"LeService": "Le service",
"LaSection": "La section",
"UnDepartement": "Un département",
"UnService": "Un service",
"UneSection": "Une section",
"QuiEstCE": "Qui est-ce ?",
"GroupeOrganiIndividu": "Groupe/Individu",
"Groupes": "Groupes",
"Groupe": "Groupe",
"Individus": "Individus",
"NewAuto": "Définir le rôle et le périmètre d'un nouvel acteur",
"RefActeurs": "Acteurs/rôles déjà définis",
"AutoriserGroupe": "Autoriser un Groupe",
"AutoriserGroupe_Alt": "Autoriser des personnes ayant le même groupe (Directeurs,internes...)",
"AutoriserOrgani": "Autoriser les personnes rattachées à une organisation",
"AutoriserOrgani_Alt": "Autoriser les personnes rattachées à une organisation (Direction, Service, UET)",
"AutoriserIndividu": "Autoriser un Individu",
"AutoriserIndividu_Alt": "Autoriser des personnes de mani&egrave,re nominative",
"RechercheAnnuOblig": "Saisissez les informations de la personne &agrave, ajouter (vous devez utiliser une recherche dans l'annuaire)",
"AlerteAbscencePerso": "Vous devez choisir une personne\\n",
"AlerteRechercheAnnu": "\\nVous pouvez effectuer une recherche dans l\\'annuaire de messagerie pour vous aider à trouver la personne que vous cherchez",
"ChoisirIndividu": "Choisir un individu particulier",
"BoutonRechercheAnnu": "Rechercher dans l'annuaire",
"SelectionnerRoles": "Sélectionner les rôles",
"RetourListeAuto": "Revenir à la liste des autorisations",
"RetourListeGroupes": "Revenir à la liste des groupes",
"AlerteAbscenceGroupe": "Vous devez sélectionner un groupe !",
"BoutonEnvoyerMail_desc": "Envoyer un mail à toutes les personnes cochées",

"EtapeAutorisation": 
		{
			"PROFIL":{
				"1":"Choisir un groupe",
				"2":"",
				"3":""
			},
			"ORG":{
				"1":"Choisir une organisation",
				"2":"Filtrer par site ou catégorie",
				"3":"Choisir le rôle et le périmètre de l'acteur"
			},
			"SITE_CAT":{
				"1":"Choisir un site ou une catégorie de personnel",
				"2":""
			},
			"USER":{
				"1":"Choix d'un acteur individu",
				"2":""
			},
			"CCA":{
				"1":"Choisir un Centre de Coût",
				"2":"",
				"3":""
			}
},
"ChoisissezLeGroupeQueVousDesirezAutoriser": "Choisissez  le groupe que vous désirez autoriser &agrave, l'application",
"SelectionnerGroupe": "Sélectionner un groupe",
"ListeDesGroupes": "Liste des groupes",
"DecriptionGroupe": "Description du groupe",
"ListePersonneGroupe": "Liste des personnes du groupe",
"VoirListePersonne": "Voir la liste des personnes sélectionnées",
"OrganisatDansGroupe": "Sélectionner l'organisation restreignant le groupe.",
"AlerteOrganisatOblig": "Vous devez choisir une organisation",
"AutorisatCommentair2": "Vous pouvez choisir de filtrer la population ",
"AutorisatCommentair3": "Choisissez dans la liste l'organisation que vous d&eacute,sirez autoriser &agrave, l'application.",
"RestreindreGroupe": "Filtrer le groupe",
"NePasRestreindGroupe": "Ne pas filtrer le groupe",
"A_AccentGrave": "à",
"SelectionnerOrganisat": "Sélectionner une organisation",
"SelectionnerDptSceSect": "Sélectionner un département, un service ou une section",
"PersonnesSelectionnes": "Personnes <br>selectionnées",
"Actions": "Actions",
"FiltrerLignes": "Filtrer les lignes",
"ToutesLignes": "Toutes les lignes",
"SupprimerLigne": "Supprimer cette ligne",
"ModifierLigne": "Modifier cette ligne",
"ComparerAutorisation": "Comparer cette autorisation individuelle avec les autorisations de type organisation/groupe",
"PasLigneAffichee": "Aucune ligne à afficher.",
"PasActeurDefinit": "Aucun acteur n'a encore été défini. Choisissez le type d'acteur que vous souhaitez autoriser (groupe, organisation, centre de coûts, site, catégrorie de personnel ou individu)",
"ListePersAutorisees": "Liste nominative des personnes autorisées",
"ComfirmSupprLigne": "Etes vous sur de vouloir de supprimer cette ligne",
"LeGroupe": "Le groupe",
"Erreur": "Erreur",
"AutoExisteDeja": "(cette autorisation existe déjà)",
"CompteInactif": "compte inactif",
"SelectionObligatoire": "Vous devez sélectionner le périmètre du rédacteur.",
"VeuillezCorrigerInfo": "Veuillez corriger les informations suivantes",
"AccesSeulAdmin": "Seuls les administrateurs sont habilités à effectuer des autorisations",
"AccesSeulRedac": "Seuls les redacteurs sont habilités à effectuer des autorisations",
"SupprimerMultiAutorisation": "Supprimer toutes les lignes sélectionnées",
"SupprMultiNonCoche": "Aucune ligne n'est cochée",
"TitreAppliVerifAuto": "Verif Autorisation",
"UtilisateurTeste": "UTILISATEUR TESTE",
"NbAutoIndividuelles": "Nombre d'autorisations individuelles passées en revue",
"NbAutoIndCoorigees": "Nombre d'autorisations individuelles corrigées",
"Dept": "Dept",
"Serv": "Serv",
"Sect": "Sect",
"AutorisationGroupe": "Autorisations sur les groupes",
"PasAutoGroupe": "aucune autorisation liée à un groupe",
"AutorisationOrgani": "Autorisations sur l'organisation",
"PasAutoOrgani": "aucune autorisation liée à une organisation",
"AutorisationIPN": "Autorisations sur l'IPN",
"PasAutoIPN": "aucune autorisation liée à l'IPN",
"KillAll": "Kill All",
"KillAllUsers": "Kill All Users",
"DetailGroupe": "Détail du groupe",
"ListeIndividu": "Personnes",
"DuGroupe": "du groupe",
"ResponsableDuGroupe": "Responsable du groupe",
"GroupePasAJourContacterResp": "Si vous estimez que ce groupe n'est pas à jour, contactez son responsable",
"MaJDuGroupe": "Mise à jour du groupe",
"XPersonnesAppartenantAuGroupe": "personne(s) appartien(nen)t au groupe",
"AppliNonDispoPbLangue": "Suite à un problème technique survenu sur les fichiers de langues <BR> cette application Web est momentanément indisponible.",
"AppliNonDispoPbOracle": "Suite à un problème technique survenu sur la base de données ORACLE,<BR> les applications Web sont momentanément indisponibles.",
"VosDelegationEnCours": "Voici vos délégation en cours",
"Delegue": "Délégué",
"Delegataire": "Délégataire",
"SupprimerCetteDelegation": "Supprimer cette délégation",
"VosDelegationAccordees": "Voici les délégations qui vous sont accordées",
"PasConcerneParDelegation": "Vous n'etes pas concerné(e) par la délégation de signature",
"PeriodeDelegation": "Période de délégation",
"DestinataireDelegation": "Destinataire délégation",
"AppliPourDelegationOblig": "Vous devez choisir au moins une application sur laquelle déléguer votre signature.",
"DateFinSupDateDebut": "La date de fin doit être supérieure ou égale à la date de début.",
"DateDebutSupAujourdHui": "La date de début ne peut être inférieure ou égale à la date du jour.",
"DestinataireDelegationOblig": "Il faut choisir le destinataire de la délégation.",
"PasDelegationASoi": "Vous ne pouvez pas déléguer votre signature à vous même.",
"DelegationQuaInterne": "Pour l'application #Appli, vous ne pouvez déléguer qu'à un interne.",
"DelegueADeleguer": "Le délégué a lui même délégué sa signature pendant la période choisie.",
"DejaDeleguer": "Vous avez déjà délégué votre signature sur l'une des applications choisies pendant cette période.",
"PasDeleguerDelegation": "On vous a délégué une signature pendant la période que vous avez choisi. Vous ne pouvez pas déléguer une délégation.",
"SupprQueSaDelegation": "Vous ne pouvez supprimer une délégation dont vous n'êtes pas le délégataire.",
"TexteMailADelegue": "Bonjour,<BR>Pour information, je vous délégue ma signature <BR>pour la période du #DATE_DEBUT_DELEGATION au #DATE_FIN_DELEGATION <BR>pour la ou les application(s) suivantes(s) :<BR>",
"Application": "Application",
"Application_s": "Application(s)",
"DateDebut": "Date de début",
"DateFin": "Date de fin",
"DELEGATIONvotreSIGNATURE": "D&Eacute,L&Eacute,GATION DE VOTRE SIGNATURE",
"DELEGATION_SIGNATURE": "D&Eacute,L&Eacute,GATION DE SIGNATURE",
"inclus": "inclus",
"Cl_Table_msg_no_result": "Aucun résultat ne répond à vos critères.",
"Cl_Table_msg_nb_result": "<b>%s</b> résultats répondent  à  vos critères.",
"Cl_Table_msg_one_result": "<b>1</b> résultat répond à vos critères.",
"Cl_Table_msg_reponses_de_a": "Réponses de %s à %s",
"Cl_Table_Bouton_PlusPage": "Plusieurs pages",
"Cl_Table_Bouton_PlusPage_alt": "Afficher les reponses sur plusieurs pages",
"Cl_Table_Bouton_PageCourante_alt": "Page courante",
"Cl_Table_Bouton_Page_alt": "Page",
"Cl_Table_Bouton_UneSeulePage": "Une seule page",
"Cl_Table_Bouton_UneSeulePage_alt": "Afficher toutes les reponses sur une page",
"RAZFiltre":"Filtre sur la donnée",
"Cl_Mail_liste_destinataire": "Liste des destinataires :",
"Cl_Mail_liste_dest_copie": "Liste des destinataires en copie :",
"Cl_Mail_liste_dest_copie_cachée": "Liste des destinataires en copie cachée :",
"Cl_Mail_mail_re7": "Ce mail est envoyé par une application en cours de test.<BR>Si vous ne participez pas à cette phase de recette, merci d'ignorer ce message.",
"Cl_Date_CliquezIciPourCalend": "Cliquez ici pour afficher un calendrier.",
"Cl_Date_ErreurJS_date_format": "La date saisie est incorrecte ! (le format est JJ/MM/AAAA)",
"Calend_MoisPrecedent": "mois précédent",
"Calend_MoisSuivant": "mois suivant",
"Initiale1Lettre_Jour": 
		{
			"0":"L.",
			"1":"M.",
			"2":"M.",
			"3":"J.", 
			"4":"V.",
			"5":"S.", 
			"6":"D."
		},
"Document_DocumentAssocies": "Documents Associés",
"Document_ouvrirDocument": "Ouvrir un document",
"Document_pasAutorise": "Vous n'êtes pas autorisé à lire ce fichier.",
"Document_impossibleLire": "Impossible de lire le fichier",
"Document_erreurSuppr": "Erreur à la suppression du document",
"Document_erreurUpload": "Erreur à l'upload du document",
"Document_erreurEnregistre": "Erreur à l'enregistrement du document",
"Document_MaJDoc": "Mettre à jour le document.",
"Document_SupprDoc_confirm": "Supprimer ce document ?",
"Document_SupprDoc": "Supprimer le document.",
"Document_DocPasAjoute": "Le document n'a pas été ajouté.",
"Document_DocACopier": "Fichier à copier",
"Cl_Annu_Nouvel_individu": "Nouvel individu",
"Cl_Annu_Ajouter_individu": "Ajouter un individu",
"Cl_Annu_Suppr_individus": "Enlever les individus sélectionnés",
"Cl_Annu_Recherche_individus": "Rechercher des individus dans l'annuaire",
"Cl_Annu_Nom_comme": "Nom comme",
"Cl_Annu_Prenom_comme": "Prénom comme",
"Cl_Annu_Rech_individus_alt": "Rechercher dans l'annuaire les individus ayant ce nom",
"Cl_Annu_Rech_individus_desc": "Saisir un nom et cliquez sur rechercher",
"Cl_Annu_Bouton_Selectionner": "Sélectionner",
"Cl_Annu_Bouton_Select_alt": "Sélectionner l'individu",
"Cl_Annu_Bouton_Refuser_alt": "Supprimer les lignes sélectionnées",
"Cl_Annu_Trop_resultat_titre": "Trop de résultats",
"Cl_Annu_Trop_resultat": "Attention, plus de 100 résultats trouvés.\\Veuillez préciser votre recherche.",
"Cl_Annu_Trop_resultat2": "Attention, plus de 100 résultats trouvés.<BR>Veuillez préciser votre recherche.",
"Cl_Annu_Pas_resultat": "Votre recherche ne donne aucun résultat...",
"Cl_Annu_Pas_ou_Trop_resultat[0]": "Pas ou trop de résultats correspondent à vos critères.",
"Cl_Annu_Pas_ou_Trop_resultat[1]": "Veuillez les modifier.",
"Individu": "Individu",
"TabOuiNon[0]": "Non",
"TabOuiNon[1]": "Oui",
"BoutonOrdonner": "Ordonner",
"Caracteristique": "Caractéristique",
"Description": "Description",
"Ordre": "Ordre",
"ListeDesDonneesDeType": "Liste des données de type ",
"RechercheDesDonnees": "Recherche des données",
"OrdonnerDesDonnees": "Ordonnancement des données",
"EnregistrerOrdreDonnees": "Enregistrer cet ordre des données",
"Remonter_donnee": "Remonter cette (ces) donnée(s)",
"Descendre_donnee": "Descendre cette (ces) donnée(s)",
"SaisieDesDonnees": 
		{
			"0":"Ajout d'une donnée",
			"1":"Modification d'une donnée"
		},
"ParDefaut": "Donnée sélectionnée par défaut",
"NomDonnee_Oblig": "- saisir l'intitulé #lang de la donnée",
"DescDonnee_1000max": "- saisir une description #lang de 1000 caractères maximum",
"sur": "sur",
"listeRef": "Liste Référence",
"SelectDonneesPourAjoutOrdre": "Veuillez sélectionner les données mères avant d'ajouter une donnée ou d'ordornner vos données.",
"BoutonFiltrer": "Filtrer",
"UniteStructurelle": "Unité Structurelle",
"US": "Organisation",
"UneUS": "Une organisation",
"PrendreAussiEnCompte": "Prendre aussi en compte",
"SeletOrgFille": "les entités dépendantes",
"DelUS": "rattachées à l'organisation",
"RatacheAuCCA": "rattachées au centre de coûts",
"ErreurJS": "Désolé, une erreur s'est produite.",
"de": "de",
"CCA": "Centre de coûts",
"CDC": "CDC",
"AutoriserCCA": "Autoriser les personnes rattachées à un centre de coûts",
"Site": "Site géographique",
"AutoriserSite": "Autoriser les personnes rattachées à un site",
"Categorie": "Catégorie de personnel",
"Categories": "Catégories  de personnel",
"AutoriserCategorie": "Autoriser les personnes d'une catégorie de personnel",
"AutorisatCommentair4": "Choisissez dans la liste le centre de coût que vous d&eacute,sirez autoriser &agrave, l'application.",
"SelectionnerCCA": "Sélectionner un centre de coût",
"SelectionnerCCA_desc": "Saisissez le numéro d'un centre de coût",
"CCARecherche": "Recherche centre de coût",
"CCASelect": "Centre(s) de coût sélectionné(s)",
"CCATrouves": "Centre(s) de coûts trouvé(s)",
"IndicationAJoutCCA": "Lorsque vous ajoutez un centre de coût, les centres de coût inclus sont automatiquement ajoutés",
"AlerteCCAOblig": "Vous devez choisir un centre de coûts",
"AlerteSiteCatOblig": "Vous devez choisir un site géographique et/ou une catégorie de personnel",
"SelectionnerUS_desc": "Saisissez le nom d'une organisation, d'un manager ou un centre de coût",
"DuCCA": "du centre de coût",
"DeLOrganisation": "de l'organisation",
"EtDeLOrganisationFille": "et des entités dépendantes",
"RestreindreSurOrgOUCCA": "sur une organisation OU un centre de coût ",
"OrganisationOuCCA": "Organisation ou un centre de coût",
"RestreindreSurSiteCat": "Vous pouvez également filtrer avec des sites ET/OU des catégories de personnes.",
"SiteEtOuCat": "Sites et/ou catégories de personnels",
"CentreDeCout": "Centre de coût",
"RestreindreSurCentreDeCout": "Filtrer le groupe avec un centre de coût",
"RestreindreSurOrg": "Filtrer le groupe avec une organisation",
"SelectionnerSite_desc": "Rechercher un site d'après son nom, son pays, son API.",
"duSite": "résidentes sur le(s) site(s) de",
"DetailCCA": "Détail du centre de coûts",
"DetailSite": "Détail du site géographique",
"DetailCategorie": "Détail de la catégorie de personnel",
"DetailCategorieSite": "Détail du site géographique et de la catégorie de personnel",
"EtapePrecedente": "Etape précédente",
"EtapePrecedente_Alt": "Passer à l'étape précédente",
"EtapeSuivante": "Etape suivante",
"EtapeSuivante_Alt": "Passer à l'étape suivante",
"AjoutFichier":"Ajout de fichier",
"DonneeExisteDejaAvecCetIntitule":"Une donnée existe déjà avec cet intitulé.",
"AjouterDonnee": "Ajouter une donnée",
"OrdonnerDonnees": "Ordonner les données",
"RetourListeProfil": "",
"GeneriqueCopyright": "Version 1.0 &copy Etablissements Opérationnel d'Ile de France - RENAULT",
"Version": "Version",
"EtablissementCopyright": "&copy Etablissements Opérationnel d'Ile de France - RENAULT",
"ChampOblig": "<strong class:\"RnoMandatory\">*</strong>",
"ChampOblig_alt": "champ obligatoire",
"champOblig": "<strong class:\"RnoMandatory\">*</strong>",
"champOblig_alt": "champ obligatoire",
"CreationProjet":"Création de Projet",
"ProjetVide":"Projet vide",
"ProjetInit":"Projet existant",
"AdditionalInfo":"Information additionnelle",
"total":"total",
"Title":"Entrez le titre",
"responseTime":"temps de reaction",
"fixingTime":"temps de depannage",
"region":"Region",
"ville":"Fuseau horaire",
"addPeople":"Add People",
"DefaultLabelSite":"Select a Site",
"DefaultLabelContractMannger":"Select a Contract Manager",
"DefaultLabelInterventionStatus":"Select a Intervention status",
"DefaultSelect":"Select",
"Creee":"Créée",
"Envoyee":"Envoyée"
}