{
"NomApplication": "Pedidos de intervenção",
"GestionInfoDesSites": "Gestion des informations supplémentaires d'un site",
"VeuillezChoisirUnSite": "Veuillez choisir un site.",
"ddeAvecSousLieu": "Demande avec sous-lieu ?",
"siteAAccesRestreint": "Site à accès restreint ?",
"quiAAcces": "Qui à accès ?",
"VeuillezChoisirUneAPI": "Veuillez choisir une API pour le site.",
"VeuillezChoisirUnTimeZone": "Veuillez choisir un timezone pour le site.",
"Precedent":"Anterior",
"Retour":"Voltar",
"Creer":"Criar",
"Enregistrement":"Registo",
"Annuler":"Anular",
"Fermer":"Fechar",
"Enregistrer":"Guardar",
"EnregistrerLesDonnees":"Guardar os dados",
"SaisissezLesInformations ":"Digite as informações",
"Rechercher":"Procurar",
"BoutonCloturer":"Fechar",
"BoutonMailCA":"E-mail para o encarregado da casa comercial",
"BoutonMailDemandeur":"E-mail para o requerente",
"BoutonMauvaiseAffectation":"Má afectação",
"AucuneDemandeCorrespondante":"Nenhum pedido correspondente",
"SupprimerDemande": "",
"SousTitre": 
		{
			"administrationgestionSiteChoix":"Gestion d'un site",
			"administrationgestionSite":"Gestion du site",
			"demandesAfficheDemande":"Novo pedido de intervenção",
			"mesdemandesAfficheDemande":"Consulta/Modificação de um pedido de intervenção", 
			"mesdemandesmesdemandes":"Lista dos meus pedidos",
			"mesdemandesAfficheAvisDemande":"A sua opinião acerca do tratamento do seu pedido", 
			"majmaj":"Pesquisa de uma demanda de intervenção", 
			"indicateurschoix_export":"Exportar para Excel os meus pedidos",
			"affectationAfficheDemande":"Afectação de um pedido de intervenção",
			"indicateursindicateurs":"Exportar para Excel os meus pedidos",
			"administrationCommunication":"Comunicação",
			"administrationStats":"",
			"affectationaffectation":"",
			"administrationadministration":""
		},
"Onglet_NouvelleDemande":"Novo pedido",
"Onglet_MesDemandes":"Os meus pedidos",
"Onglet_Affectation":"Afectação",
"Onglet_MiseAJour":"Solução",
"Onglet_Indicateurs":"Indicadores",
"Onglet_Administration":"Administração",
"GestionDesSites":"Gestão das instalações",
"GestionDesProblemes":"Gestão dos intervençoes",
"GestionDesSousProblemes":"Gestão dos sub-intervençoes",
"GestionDesLieuxIntervention":"Gestão dos locais de intervenção",
"GestionDesSousLieuxIntervention":"Gestão dos níveis",
"GestionDesTpsReaction": "Gestão do tempo de resposta",
"GestionDesTpsDepannage": "Gestão do tempo de solução de problemas",
"GestionDesUtilisateurs":"Gestão dos utilizadores",
"GestionComm":"Gestão da comunicação",
"GestionDesSocietes":"Gestão das empresas intervenientes",
"IndicateurExportExcel":"Exportar para Excel os meus pedidos",
"ListeDesProblemes":"Lista dos intervençoes",
"ListeDesLieuxIntervention":"Lista dos locais de intervenção",
"Intitule":"Título",
"ModifierCeProblme":"Modificar este intervenção",
"AucunProblemesEnregistre":"Não foi guardado qualquer intervenção",
"ModifierLieuxIntervention":"Modificar este local de intervenção",
"AucunLieuxInterventionEnregistre":"Não foi guardado qualquer local de intervenção",
"RetourMenuDadministration":"Voltar ao menu de administração",
"SelectionnezUnProbleme":"Seleccione um intervenção",
"SelectionnezUnLieuxIntervention":"Seleccione um local de intervenção",
"VousDevezSaisirUnIntitule":"Deve digitar obrigatoriamente um título",
"FormulaireDeSaisieDunProbleme":"Formulário de digitação de um intervenção",
"SaisissezLintituleDuProbleme":"Digite o título do intervenção",
"RevenirALaListeDesProblemes":"Voltar à lista dos intervençoes",
"FormulaireDeSaisieDunLieuxIntervention":"Formulário de digitação de um local de intervenção",
"SaisissezLintituleDuLieuxIntervention":"Digite o título do local de intervenção",
"RevenirALaListeDesLieuxIntervention":"Voltar à lista dos locais de intervenção",
"ListeDesSocietes":"Lista das empresas intervenientes",
"Actif":"Activa",
"Inactif":"Inactiva",
"Oui":"Sim",
"Non":"Não",
"ModifierCetteSociete":"Modificar esta empresa",
"AucuneSocieteEnregistre":"Nenhuma empresa guardada",
"titreExport":"Pedidos de intervenção",
"TabOuiNon":
{
	"0":"Não",
	"1":"Sim"
},
"SelectionnezUneSociete":"Seleccione uma empresa",
"VousDevezSaisirUnNom":"Deve digitar um nome",
"FormulaireDeSaisieDuneSociete ":"Formulário de digitação de uma empresa",
"NouvelleDemandeDeTravaux":"Novo pedido de intervenção",
"LesChampsMarquesDunAsterisque":"Os campos assinalados com * são obrigatórios",
"SaisiPar":"Digitado por",
"PersonneAContacter":"Requerente",
"cdc":"Número de conta do serviço",
"LieuIntervention":"Local de intervenção",
"SousLieuIntervention":"Nível",
"AjouterLieuASelection":"Adicionar um local à selecção",
"RetirerLieuDeSelection":"Retirar um local da selecção",
"PreciserLieuSiBesoin":"Indicar o local",
"NatureDesTravaux":"Natureza do intervenção",
"Probleme":"Intervenção",
"Probleme2":"Intervenção de nível 2",
"Designation":"Designação",
"PanneBloquante":"A avaria é imobilizadora?",
"RaisonPanneBloquante":"Se sim, porquê?",
"LieuEtDemandeur":"Local e requerente",
"PanneBloquanteAlt":"Avaria imobilizadora",
"AjouterDocs":"Adição de documentos",
"DocsAssocies":"Documentos associados ao pedido",
"BoutonEnregistrerWithDocs":"Registrar um pedido e somar documentos",
"Aucun":"Documentos associados ao pedido",
"BoutonValider":"Validar",
"AttributionDeLaDemande":"Atribuição do pedido",
"DateDebutIntervention":"Data de início de intervenção",
"DateFinIntervention":"Data de final de intervenção",
"Commentaire":"Comentário",
"ResolutionDeLaDemande":"Resolução da procura",
"AucunBatimentsDesigne":"Não foi designado qualquer edifício",
"ModificationDemandeDeTravaux":"Modificação de um pedido de intervenção",
"CloturerLaDemande":"Fechar o pedido",
"ConfirmationClotureDemande":"Confirma o fecho deste pedido?",
"SocietesIntervenantes":"Empresas intervenientes",
"Nom":"Nome",
"Tel":"Telefone",
"Fax":"Fax",
"AucuneSocieteAssociee":"Não foi associada qualquer empresa a este pedido",
"PanneBloquantedesc":"Imobilização na sua empresa e/ou intervenção de segurança",
"CreeeLe":"Criado a",
"EnvoyeeLe":"Enviado a",
"TraiteeLe":"Tratado a",
"EnCoursDepuisLe":"Em curso desde",
"Bloquante":"Imobilização",
"Relancer":"Relançar",
"Relancee":"Relançado",
"RelanceeLe":"Relançado a",
"SurRelancer":"Tem a certeza de que quer relançar este pedido?",
"DemandeRelanceOK":"O seu pedido de intervenção foi relançado correctamente.",
"DemandeAEteRelance":"Este pedido de intervenção foi relançado.",
"CommentaireRelance":"Comentário do relançamento",
"RechercheDemandetravaux":"Procura de um pedido de intervenção",
"SaisissezLesCriteres":"Digite os diferentes critérios de procura.",
"NumeroFicheIntervention":"Número da ficha de intervenção",
"VeuillezTaperUnNumerique ":"Digite um número",
"ChargeDaffaire":"Encarregado da casa comercial",
"Dispatcheur":"Expedidor",
"Tempspreaction":"Tempo previsto de reactividade",
"Tempsdepannage":"Tempo previsto de desempanagem",
"CommentaireAffectation":"Comentário da afectação",
"AvancementTravaux":"Avanço dos intervençoes",
"EtatNonDebute":"Não iniciado",
"EtatAffecteCA":"Afectado - em espera de ser tido em conta",
"EtatEnCours":"Em curso de realização",
"EtatTermine":"Terminado",
"EtatMauvaiseAffectation":"Má afectação",
"Tous":"Todos",
"Annee":"Ano",
"LancerLaRecherche":"Iniciar a busca",
"LancerLaRechercheBrut": "Export au format CSV",
"SelectionnezUnEtat":"Seleccione um estado",
"SelectionnezUnCA":"Seleccione um encarregado da casa comercial",
"SocietesExistantes":"Empresas existentes",
"SocietesChoisies":"Empresas escolhidas",
"VotreAvis":"A sua opinião",
"Avis":"Opinião",
"TexteAvis":
{
	"1":"--",
	"2":"-",
	"3":"+",
	"4":"++"
},
"ResultatDeLaRechercheAffectation":"Lista dos requerentes em espera de afectação",
"ResultatDeLaRecherche":"Resultado da busca",
"PasDeReponses":"Sem respostas",
"NumeroFiche":"Número da ficha",
"DateDemande":"Data do pedido",
"ChargeAffaire":"Encarregado da casa comercial",
"LieuxDintervention":"Locais de intervenção",
"Etat":"Estado",
"ExplicationAffichageFiche":"Para visualizar a ficha desejada, clique no ícone pequeno à esquerda",
"NonDetermine":"Não determinado",
"ModifierLaDemande":"Modificar o pedido",
"ConsulterLaDemande":"Consultar o pedido",
"EnvoyerMailCA":"Enviar um e-mail ao encarregado da casa comercial deste pedido",
"EnvoyerMailDemandeur":"Enviar um e-mail para a pessoa a contactar deste pedido",
"MesDemandes":"Os meus pedidos",
"SupprimerCetteSociete":"Eliminar esta empresa",
"ImprimerDemande":"Imprimir o pedido",
"DonnerAvis":"Dê a sua opinião",
"IndicateurDemandesPourUnBatiment":"Indicador dos pedidos para um edifício",
"IndicateurDemandesPourUnProbleme":"Indicador dos pedidos para um intervenção",
"IndicateurDemandesAnnee":"Indicador dos pedidos num ano",
"RepartitionSurUnBatiment":"Divisão dos pedidos por intervençoes num edifício",
"RepartitionSurUnProbleme":"Divisão dos pedidos por edifícios para um intervenção",
"RepartitionSurUneAnnee":"Divisão dos pedidos num ano",
"TitreIndicateursBatiment":"Número de pedidos",
"AxeXIndicateursBatiment":"Intervençoes",
"TitreIndicateursProbleme":"Número de pedidos",
"AxeXIndicateursProbleme":"Edifícios",
"TitreIndicateursAnnee":"Número de pedidos",
"AxeXIndicateursAnnee":"Mês",
"NombreDeDemandes":"Número de pedidos",
"ListeEtat":
{
	"0":"Estado Não Iniciado",
	"1":"Estado Afectado Encarregado da casa comercial",
	"2":"Estado Terminado",
	"3":"Estado Má Afectação",
	"4":"Estado em curso"
},
"MsgDateExportNonSaisie":"O período de extracção dos pedidos de intervenção está incorrecto",
"LaDateDemande":"A data do pedido de intervenção",
"EntreLe":"entre",
"EtLe":"e",
"InferieurDateTraitement":"deve ser inferior à data de tratamento",
"Janvier":"Janeiro",
"Fevrier":"Fevereiro",
"Mars":"Março",
"Avril":"Abril",
"Mai":"Maio",
"Juin":"Junho",
"Juillet":"Julho",
"Aout":"Agosto",
"Septembre":"Setembro",
"Octobre":"De outubro",
"Novembre":"Novembro",
"Decembre":"Dezembro",
"VeuillezSaisir": "Digite:",
"ContactOblig": "- Um contacto",
"SiteOblig": "- Uma instalação",
"ProblemeOblig": "- Um intervenção",
"Probleme2Oblig":"Um intervenção 2",
"LieuOblig":"- Um local",
"SousLieuOblig":"- Um nível",
"LieuPrecisOblig":"- Um local preciso",
"CAOblig":"- Um encarregado da casa comercial",
"DateDebutIntervOblig":"- A data de início de intervenção",
"HeureDebutIntervOblig":"- A hora de início de intervenção",
"MinDebutIntervOblig":"- Os minutos de início de intervenção",
"DateFinIntervOblig":"- A data de fim de intervenção",
"HeureFinIntervOblig":"- A hora de fim de intervenção",
"MinFinIntervOblig":"- Os minutos de fim de intervenção",
"AvisOblig":"- A sua opinião",
"MsgHeureFinNonSaisie":"A hora de fim não foi digitada correctamente",
"LaDateDebut":"A data de início",
"InferieurDateFin":"deve ser inferior à data de fim",
"MailIci":"aqui",
"MailPriseCompteSujet":"Serviço do seu pedido de intervenção N°",
"MailPriseCompteCorps":"O pedido de intervenção N°#id_demande foi atribuído ao encarregado da casa comercial #NomCA. Pode seguir a evolução do seu pedido #ICI",
"MailDesignationCASujet ":"Atribuição do pedido de intervenção nº",
"MailDesignationCACorps":"O pedido de intervenção N°#id_demande foi-lhe atribuído. Pode preencher os dados relativos a este pedido #ICI.",
"MailMajSujet":"Avanço do pedido de intervenção nº",
"MailMajCorps":"Os dados relativos ao seu pedido de intervenção N°#id_demande foram modificados. Pode consultar o avanço do pedido #ICI.",
"MailClotureSujet":"Fecho do pedido de intervenção nº",
"MailClotureCorps":"O seu pedido de intervenção N°#id_demande acabou de ser fechado. Pode consultar os dados associados a este pedido #ICI.",
"MailClotureCorps2":"Pode dar a sua opinião acerca do seu tratamento #ICI.",
"MailRelanceSujet":"Relançamento do pedido de intervenção nº",
"MailRelanceCorps":"Relançou para o pedido de intervenção N°#id_demande. Pode consultar os dados associados a este pedido #ICI.",
"MailSuiviAvisSujet": "Anúncio de uma opinião negativa sobre a resolução do pedido ",
"MailSuiviAvisCorps": "Uma opinião negativa foi emitida pelo demandante sobre o fim do pedido #id_demande.<br>Você pode consultar os dados associados a este pedido #ICI.",
"SiteCAOblig ":"Escolha uma instalação para o encarregado da casa comercial",
"SiteAdminOblig":"Escolha uma instalação para o administrador",
"FonctionSeulementDispatcheur":"Esta funcionalidade está reservada aos administradores e aos encarregados da casa comercial expedidora.",
"GestionDesTypesProblemes": "Gestão dos tipos de intervençoes",
"GestionDesNaturesProblemes": "Gestão das naturezas de intervençoes",
"TypeProbleme": "Tipo de intervenção",
"NatureProbleme": "Natureza do intervenção",
"TypeProblemeOblig": "- Um tipo de intervenção",
"NatureProblemeOblig": "- Uma natureza do intervenção",
"AvisTexte": "",
"Ok": "",
"confSupprDemande": "Voulez-vous supprimer cette demande?",
"supprStatutBloquant": "Enlever le statut bloquant de cette demande?",
"excelCountLbl ": "Le temps de réponse peut être long, suivant les critères que vous avez renseignés",
"site":"Site",
"interventionLocation":"Local de intervenção",
"specifyLocation":"Indicar o local",
"interventionType":"Tipo de intervenção",
"interventionNature":"Natureza do intervenção",
"level2Intervention":"Intervenção de nível 2",
"attachment":"Attachments",
"attachmentLabel":"Example: .docx, pdf, jpeg, png",
"dragLabel":"Drag and drop",
"file":"File",
"url":"Url",
"urlPlaceholder":"Enter the Url",
"LangueGe":"German",
"LangueBr":"Brazilian",
"LangueEn":"English",
"LangueEs":"Spanish",
"LangueFr":"French",
"LangueIt":"Italian",
"LanguePo":"Portuguese",
"LangueRo":"Romanian",
"LangueRu":"Russian",
"LangueTu":"Turkish",
"Annuaire":"Directory",
"Matricule":"Identification number",
"BoutonRechercher":"Search",
"BoutonAutreRecherche":"Other search",
"noResultats":"no results",
"Action":"Action",
"ProblemeAllocation":"Problème",
"AdditionalInfo":"Information additionnelle",
"total":"total",
"Title":"Enter the title",
"responseTime":"Gestão do tempo de resposta",
"fixingTime":"Gestão do tempo de solução de problemas",
"Creee":"Criado",
"Envoyee":"Enviado"
}