{
"NomApplication": "CERERI DE INTERVENTIE",
"GestionInfoDesSites": "Gestion des informations supplémentaires d'un site",
"VeuillezChoisirUnSite": "Veuillez choisir un site.",
"ddeAvecSousLieu": "Demande avec sous-lieu ?",
"siteAAccesRestreint": "Site à accès restreint ?",
"quiAAcces": "Qui à accès ?",
"VeuillezChoisirUneAPI": "Veuillez choisir une API pour le site.",
"VeuillezChoisirUnTimeZone": "Veuillez choisir un timezone pour le site.",
"Precedent": "Anterior",
"Retour": "Înapoi",
"Creer": "Creare",
"Enregistrement": "Inregistrare.",
"Annuler": "Anulare",
"BoutonAnnuler": "Anulare",
"Fermer": "Închidere",
"Enregistrer": "Salvare",
"EnregistrerLesDonnees": "Salvare date.",
"SaisissezLesInformations": "Introduceti informatiile",
"Rechercher": "Cautare",
"BoutonCloturer": "Închidere",
"BoutonMailCA": "E-mail catre CA",
"BoutonMailDemandeur": "E-mail catre solicitant",
"BoutonMauvaiseAffectation": "Alocare gresita",
"AucuneDemandeCorrespondante": "Nicio cerere corespunzatoare",
"SupprimerDemande":"",
"SousTitre": 
		{
			"administrationgestionSiteChoix":"Gestion d'un site",
			"administrationgestionSite":"Gestion du site",
			"demandesAfficheDemande":"Cerere noua de interventie",
			"mesdemandesAfficheDemande":"Consultare/Modificare cerere de interventie", 
			"mesdemandesmesdemandes":"Lista de solicitari proprii",
			"mesdemandesAfficheAvisDemande":"Parerea dumneavoastra cu privire la tratarea solicitarii dumneavoastra", 
			"majmaj":"Cautare cerere de interventie", 
			"indicateurschoix_export":"Export cereri în Excel",
			"affectationAfficheDemande":"Alocare cerere de interventie",
			"indicateursindicateurs":"Export cereri în Excel ",
			"administrationCommunication":"Comunicare",
			"administrationStats":"",
			"affectationaffectation":"",
			"administrationadministration":""
		},
"Onglet_NouvelleDemande": "Cerere noua",
"Onglet_MesDemandes": "Cererile mele",
"Onglet_Affectation": "Alocare",
"Onglet_MiseAJour": "Tratare",
"Onglet_Indicateurs": "Indicatori",
"Onglet_Administration": "Administrare",
"GestionDesSites": "Gestionarea unitatilor",
"GestionDesProblemes": "Gestionarea interventiilor",
"GestionDesSousProblemes": "Gestionarea subinterventiilor",
"GestionDesLieuxIntervention": "Gestionarea locurilor de interventie",
"GestionDesSousLieuxIntervention": "Gestionarea nivelurilor",
"GestionDesTpsDepannage": "Gestionare timpului de depanare",
"GestionDesTpsReaction": "Gestionare timpului de raspuns",
"GestionDesUtilisateurs": "Gestionarea permisiunilor",
"GestionComm": "Gestionarea comunicarii",
"GestionDesSocietes": "Gestionarea societatilor interveniente",
"IndicateurExportExcel": "Export cereri în Excel ",
"ListeDesProblemes": "Lista de interventii",
"ListeDesLieuxIntervention": "Lista de locuri de interventie",
"Intitule": "Titlu",
"ModifierCeProblme": "Se modifica aceasta interventie",
"AucunProblemesEnregistre": "Nu a fost salvata nicio interventie",
"ModifierLieuxIntervention": "Se modifica acest loc de interventie",
"AucunLieuxInterventionEnregistre": "Nu a fost salvat niciun loc de interventie",
"RetourMenuDadministration": "Înapoi la meniul de administrare",
"SelectionnezUnProbleme": "Selectati o interventie",
"SelectionnezUnLieuxIntervention": "Selectati un loc de interventie",
"VousDevezSaisirUnIntitule": "Introduceti un titlu",
"FormulaireDeSaisieDunProbleme": "Formular de introducere pentru interventie",
"SaisissezLintituleDuProbleme": "Introduceti titlul interventiei",
"RevenirALaListeDesProblemes": "Înapoi la lista de interventii",
"FormulaireDeSaisieDunLieuxIntervention": "Formular de introducere pentru un loc de interventie",
"SaisissezLintituleDuLieuxIntervention": "Introduceti titlul unui loc de interventie",
"RevenirALaListeDesLieuxIntervention": "Înapoi la lista locurilor de interventie",
"ListeDesSocietes": "Lista de societati interveniente",
"Actif": "Activ",
"Inactif": "Inactiv",
"Oui": "Da",
"Non": "Nu",
"ModifierCetteSociete": "Se modifica aceasta societate",
"AucuneSocieteEnregistre": "Nicio societate nu a fost salvata",
"titreExport": "Cereri de interventie",
"TabOuiNon":
{
	"0":"Nu",
	"1":"Da"
},
"SelectionnezUneSociete": "Selectati o societate",
"VousDevezSaisirUnNom": "Introduceti un nume",
"FormulaireDeSaisieDuneSociete": "Formular de introducere pentru o societate",
"NouvelleDemandeDeTravaux": "Cerere noua de interventie",
"LesChampsMarquesDunAsterisque": "Câmpurile marcate cu o <strong class=:\"RnoMandatory\">*</strong> sunt obligatorii.",
"SaisiPar": "Introdus de",
"PersonneAContacter": "Solicitant",
"cdc": "Centru de cost",
"LieuIntervention": "Loc de interventie",
"SousLieuIntervention": "Nivel",
"AjouterLieuASelection": "Adaugare un loc la selectie",
"RetirerLieuDeSelection": "Eliminare un loc din selectie",
"PreciserLieuSiBesoin": "Precizare loc",
"NatureDesTravaux": "Tip de interventie",
"Probleme": "Interventie",
"Probleme2": "Interventie de nivel 2",
"Designation": "Detalii defectiune",
"PanneBloquante": "Defectiunea este critica?",
"RaisonPanneBloquante": "Daca da, de ce?",
"LieuEtDemandeur": "Loc si solicitant",
"PanneBloquanteAlt": "Defectiune critica",
"AjouterDocs": "Adaugare documente ",
"DocsAssocies": "Documente asociate cererii ",
"BoutonEnregistrerWithDocs": "Intregistrare cerere si adaugare documente",
"Aucun": " Niciun document nu este asociat cererii ",
"BoutonValider": "Validare",
"AttributionDeLaDemande": "Atribuirea cererii",
"DateDebutIntervention": "Data de început a cererii",
"DateFinIntervention": "Data de încheiere a cererii",
"Commentaire": "Comentariu",
"ResolutionDeLaDemande": "Solutionarea cererii",
"AucunBatimentsDesigne": "Nu a fost desemnata nicio cladire",
"ModificationDemandeDeTravaux": "Modificare cerere de interventie",
"CloturerLaDemande": "Închidere cerere",
"ConfirmationClotureDemande": "Confirmati închiderea acestei cereri?",
"SocietesIntervenantes": "Societati interveniente",
"Nom": "Nume",
"Tel": "Tel.",
"Fax": "Fax",
"AucuneSocieteAssociee": "Nicio societate nu a fost asociata cu aceasta cerere",
"PanneBloquantedesc": "Un  blocaj în activitatea dumneavoastra si/sau interventia de securitate",
"CreeeLe": "Creata la",
"EnvoyeeLe": "Trimisa la",
"TraiteeLe": "Tratata la",
"EnCoursDepuisLe": "În curs de la",
"Bloquante": "Stare critica",
"Relancer": "Relansare",
"Relancee": "Relansata",
"RelanceeLe": "Relansata la",
"SurRelancer": "Sigur doriti relansarea acestei cereri?",
"DemandeRelanceOK": "Cererea dumneavoastra de interventie a fost relansata cu succes.",
"DemandeAEteRelance": "Cererea dumneavoastra de interventie a fost relansata.",
"CommentaireRelance": "Comentariu relansare",
"RechercheDemandetravaux": "Cautare cerere de interventie",
"SaisissezLesCriteres": "Introduceti diferitele criterii de cautare.",
"NumeroFicheIntervention": "Numar fisa de interventie",
"VeuillezTaperUnNumerique": "Tastati un caracter numeric.",
"ChargeDaffaire": "Intervenient",
"Dispatcheur": "Dispecer",
"Tempspreaction": "Timp prevazut pentru raspuns",
"Tempsdepannage": "Timp prevazut pentru depanare",
"CommentaireAffectation": "Comentariu alocare",
"AvancementTravaux": "Stadiul interventiei",
"EtatNonDebute": "Neinceputa",
"EtatAffecteCA": "Alocata - în asteptarea solutionarii",
"EtatEnCours": "În curs de realizare",
"EtatTermine": "Terminata",
"EtatMauvaiseAffectation": "Alocata gresit",
"Tous": "Toti",
"Annee": "An",
"LancerLaRecherche": "Lansare cautare",
"LancerLaRechercheBrut": "Export au format CSV",
"SelectionnezUnEtat": "Selectati o stare",
"SelectionnezUnCA": "Selectati un CA",
"SocietesExistantes": "Societati existente",
"SocietesChoisies": "Societati selectate",
"VotreAvis": "Opinia dumneavoastra",
"Avis": "Opinie",
"TexteAvis":{
	"1":"--",
	"2":"-",
	"3":"+",
	"4":"++"
},
"ResultatDeLaRechercheAffectation": "Lista de cereri în asteptarea alocarii",
"ResultatDeLaRecherche": "Rezultatul cautarii",
"PasDeReponses": "Niciun raspuns.",
"NumeroFiche": "Numar fisa",
"DateDemande": "Data cererii",
"ChargeAffaire": "Intervenient",
"LieuxDintervention": "Locuri de interventie",
"Etat": "Stare",
"ExplicationAffichageFiche": "Pentru a afisa fisa dorita, faceti clic pe pictograma din stânga.",
"NonDetermine": "Nehotarât",
"ModifierLaDemande": "Modificare cerere",
"ConsulterLaDemande": "Consultare cerere",
"EnvoyerMailCA": "Trimiteti un e-mail directorului unitatii responsabil cu aceasta cerere",
"EnvoyerMailDemandeur": "Trimiteti un e-mail persoanei de contact pentru aceasta cerere",
"MesDemandes": "Cererile mele",
"SupprimerCetteSociete": "Se sterge aceasta societate",
"ImprimerDemande": "Tiparire cerere",
"DonnerAvis": "Opinia dumneavoastra",
"IndicateurDemandesPourUnBatiment": "Indicator de cereri pentru cladiri",
"IndicateurDemandesPourUnProbleme": "Indicator de cereri pentru interventii",
"IndicateurDemandesAnnee": "Indicator de cereri pentru un an",
"RepartitionSurUnBatiment": "Repartizare cereri pe interventie pentru o cladire",
"RepartitionSurUnProbleme": "Repartizare cereri pe cladire pentru o interventie",
"RepartitionSurUneAnnee": "Repartizare cereri pentru un an",
"TitreIndicateursBatiment": "Numar de cereri",
"AxeXIndicateursBatiment": "Probleme",
"TitreIndicateursProbleme": "Numar de cereri",
"AxeXIndicateursProbleme": "Cladiri",
"TitreIndicateursAnnee": "Numar de cereri",
"AxeXIndicateursAnnee": "Luna",
"NombreDeDemandes": "Numar de cereri",
"ListeEtat":{
	"0":"EtatNonDebute",
	"1":"EtatAffecteCA",
	"2":"EtatTermine",
	"3":"EtatMauvaiseAffectation",
	"4":"EtatEnCours"
},
"MsgDateExportNonSaisie": "Perioada de extragere a cererilor de interventie este incorecta.",
"LaDateDemande": "Data cererii de interventie",
"EntreLe": "între",
"EtLe": "si",
"InferieurDateTraitement": "trebuie sa fie mai mica decât data de tratare.",
"Janvier": "Ian.",
"Fevrier": "Feb.",
"Mars": "Martie",
"Avril": "Aprilie",
"Mai": "Mai",
"Juin": "Iunie",
"Juillet": "Iulie",
"Aout": "August",
"Septembre": "Sept.",
"Octobre": "Oct.",
"Novembre": "Nov.",
"Decembre": "Dec.",
"VeuillezSaisir": "Introduceti:",
"ContactOblig": "- un contact",
"SiteOblig": "- o unitate",
"ProblemeOblig": "- o interventie",
"Probleme2Oblig": "- o Probleme2",
"LieuOblig": "- un loc",
"SousLieuOblig": "- un nivel",
"LieuPrecisOblig": "- un loc exact",
"CAOblig": "- un director de unitate",
"DateDebutIntervOblig": "- data de început a interventiei",
"HeureDebutIntervOblig": "- ora de început a interventiei",
"MinDebutIntervOblig": "- minutele de început ale interventiei",
"DateFinIntervOblig": "- data de încheiere a interventiei",
"HeureFinIntervOblig": "- ora de încheiere a interventiei",
"MinFinIntervOblig": "- minutele de încheiere ale interventiei",
"AvisOblig": "- opinia dumneavoastra",
"MsgHeureFinNonSaisie": "Ora de încheiere \nu a fost introdusa corect",
"LaDateDebut": "Data de început",
"InferieurDateFin": "trebuie sa fie mai mica decât data de încheiere ",
"MailIci": "aici",
"MailPriseCompteSujet": "Solutionarea cererii dumneavoastra de interventie nr.",
"MailPriseCompteCorps": "Cererea de interventie N°#id_demande a fost atribuita directorului unitatii #NomCA.<br>Veti putea urmari evolutia cererii dumneavoastra #ICI,",
"MailDesignationCASujet": "Atribuirea cererii de interventie nr.",
"MailDesignationCACorps": "Cererea de interventie N°#id_demande v-a fost atribuita dumneavoastra.<br>Veti putea completa datele referitoare la aceasta cerere #ICI.",
"MailMajSujet": "Progresul cererii de interventie nr.",
"MailMajCorps": "Datele privind cererea dumneavoastra de interventie N°#id_demande au fost modificate.<br>Veti putea consulta progresul cererii #ICI.",
"MailClotureSujet": "Închiderea cererii de interventie nr.",
"MailClotureCorps": "Cererea dumneavoastra de interventie N°#id_demande tocmai a fost închisa.<br>Veti putea consulta datele referitoare la aceasta cerere #ICI.",
"MailClotureCorps2": "<br>Va veti putea exprima opinia cu privire la tratarea acesteia #ICI.",
"MailRelanceSujet": "Relansarea cererii de interventie nr.",
"MailRelanceCorps": "A fost relansata cererea de interventie N°#id_demande.<br>Veti putea consulta datele referitoare la aceasta cerere #ICI.",
"MailSuiviAvisSujet": "Notificare in urma unui aviz negativ la inchiderea cererii ",
"MailSuiviAvisCorps": " Un aviz negativ a fost emis de catre solicitant la inchiderera cererii #id_demande.<br>. Veti putea consulta datele referitoare la aceasta cerere #ICI.",
"SiteCAOblig": "Selectati o unitate pentru directorul unitatii",
"SiteAdminOblig": "Selectati o unitate pentru administrator",
"FonctionSeulementDispatcheur": "Aceasta functionalitate este rezervata administratorilor si directorilor de unitate dispeceri.",
"GestionDesTypesProblemes": "Gestionarea tipurilor de interventii",
"GestionDesNaturesProblemes": "Gestionarea genurilor de interventii",
"TypeProbleme": "Tip de interventie",
"NatureProbleme": "Gen de interventie",
"TypeProblemeOblig": "- un tip de interventie",
"NatureProblemeOblig": "- un gen de interventie",
"AvisTexte": "",
"Ok": "",
"confSupprDemande": "Voulez-vous supprimer cette demande?",
"supprStatutBloquant": "Enlever le statut bloquant de cette demande?",
"Site": "Site geografic",
"Cl_Table_msg_no_result": "Niciun rezultat nu corespunde criteriilor dumneavoastra",
"BoutonExporter": "Exportare",
"excelCountLbl ": "Le temps de réponse peut être long, suivant les critères que vous avez renseignés",
"site":"Site",
"interventionLocation":"Locul interventiei",
"specifyLocation":"Specificati locatia",
"interventionType":"Tipe de interventie",
"interventionNature":"Natura interventiei",
"level2Intervention":"Interventie de nivel 2",
"attachment":"Attachments",
"attachmentLabel":"Example: .docx, pdf, jpeg, png",
"dragLabel":"Drag and drop",
"file":"File",
"url":"Url",
"urlPlaceholder":"Enter the Url",
"LangueGe":"German",
"LangueBr":"Brazilian",
"LangueEn":"English",
"LangueEs":"Spanish",
"LangueFr":"French",
"LangueIt":"Italian",
"LanguePo":"Portuguese",
"LangueRo":"Romanian",
"LangueRu":"Russian",
"LangueTu":"Turkish",
"Annuaire":"Directory",
"Matricule":"Identification number",
"BoutonRechercher":"Search",
"BoutonAutreRecherche":"Other search",
"noResultats":"no results",
"Action":"Action",
"ProblemeAllocation":"Natura interventiei",
"AdditionalInfo":"Information additionnelle",
"total":"total",
"Title":"Enter the title",
"responseTime":"Gestionare timpului de raspuns",
"fixingTime":"Gestionare timpului de depanare",
"Creee":"Creata",
"Envoyee":"Trimisa"
}