
{
"NomApplication": "Заявки",
"GestionInfoDesSites": "Gestion des informations supplémentaires d'un site",
"VeuillezChoisirUnSite": "Veuillez choisir un site.",
"ddeAvecSousLieu": "Demande avec sous-lieu ?",
"siteAAccesRestreint": "Site à accès restreint ?",
"quiAAcces": "Qui à accès ?",
"VeuillezChoisirUneAPI": "Veuillez choisir une API pour le site.",
"VeuillezChoisirUnTimeZone": "Veuillez choisir un timezone pour le site.",
"Precedent":"Предыдущий",
"Retour":"Возврат",
"Creer":"Создание",
"Enregistrement":"Запись",
"Annuler":"Очистить",
"Fermer":"Закрыть",
"Enregistrer":"Сохранить",
"EnregistrerLesDonnees":"Сохранить данные ",
"SaisissezLesInformations":"Введите информацию",
"Rechercher":"Искать",
"BoutonCloturer":"Закрыть",
"BoutonMailCA":"Электронная почта CA",
"BoutonMailDemandeur":"Электронная почта клиента",
"BoutonMauvaiseAffectation":"Неправильное использование",
"AucuneDemandeCorrespondante":"Заявка не существует",
"SupprimerDemande":"Удалить заявку",
"SousTitre": 
		{
			"administrationgestionSiteChoix":"Gestion d'un site",
			"administrationgestionSite":"Gestion du site",
			"demandesAfficheDemande":"Новая заявка",
			"mesdemandesAfficheDemande":"Консультация/Изменение заявки", 
			"mesdemandesmesdemandes":"Список моих заявок",
			"mesdemandesAfficheAvisDemande":"Ваше мнение по выполенению заявки", 
			"majmaj":"Поиск заявки", 
			"indicateurschoix_export":"Экспорт в Excel",
			"affectationAfficheDemande":"Распределение запроса доступа",
			"indicateursindicateurs":"Экспорт в Excel",
			"administrationCommunication":"Оповещения",
			"administrationStats":"Статистика использования",
			"affectationaffectation":"Список заявок, ожидающих распределения",
			"administrationadministration":"Администрирование"
		},
"Prenom":"Имя",
"Onglet_NouvelleDemande":"Новая заявка",
"Onglet_MesDemandes":"Мои заявки",
"Onglet_Affectation":"Распределение",
"Onglet_MiseAJour":"Обработка",
"Onglet_Indicateurs":"Статистика",
"Onglet_Administration":"Администрирование",
"GestionDesSites":"Управление заводами",
"GestionDesProblemes":"Управление работами 1-го уровня",
"GestionDesSousProblemes":"Управление работами 2-го уровня",
"GestionDesLieuxIntervention":"Управление местами работ",
"GestionDesTpsReaction":"Управление временем реагирования",
"GestionDesTpsDepannage":"Управление временем выполения заявок",
"GestionDesSousLieuxIntervention":"Управление уровнями",
"GestionDesUtilisateurs":"Управление пользователями",
"GestionComm":"Управление оповещениями",
"GestionDesSocietes":"Управление группами",
"IndicateurExportExcel":"Экспорт в Excel",
"ListeDesProblemes":"Список заявок",
"ListeDesLieuxIntervention":"Список мест работ",
"Intitule":"Заголовок",
"ModifierCeProblme":"Изменение заявки",
"AucunProblemesEnregistre":"Ни одной заявки не создано",
"ModifierLieuxIntervention":"Изменить место работ",
"AucunLieuxInterventionEnregistre ":"Ни одно из мест работ не было зарегистрировано",
"RetourMenuDadministration":"Вернуться в меню администратора",
"SelectionnezUnProbleme":"Выбрать место работ",
"SelectionnezUnLieuxIntervention":"",
"VousDevezSaisirUnIntitule":"Необходимо указать название",
"FormulaireDeSaisieDunProbleme":"Форма создания заявки",
"SaisissezLintituleDuProbleme":"Введите название заявки",
"RevenirALaListeDesProblemes":"Вернуться к списку заявок",
"FormulaireDeSaisieDunLieuxIntervention":"Форма создания мест работ",
"SaisissezLintituleDuLieuxIntervention":"Введите название места работ",
"RevenirALaListeDesLieuxIntervention":"Вернуться к списку мест работ",
"ListeDesSocietes":"Список групп",
"Nom":"Имя",
"Actif":"Активный",
"Inactif":"Неактивный",
"Oui":"Да",
"Non":"Нет",
"ModifierCetteSociete":"Изменить группу",
"AucuneSocieteEnregistre":"Ни одной группы не сохранено",
"titreExport":"Заявки",
"TabOuiNon":
{
    "0":"Нет",
    "1":"Да"
},
"SelectionnezUneSociete":"Выберите группу",
"VousDevezSaisirUnNom":"Необходимо ввести имя",
"FormulaireDeSaisieDuneSociete":"Форма ввода данных",
"NouvelleDemandeDeTravaux":"Новая заявка",
"LesChampsMarquesDunAsterisque":"Поля, отмеченные <strong class:\"RnoMandatory\">*</strong>, обязательны для заполнения",
"SaisiPar":"Создал",
"PersonneAContacter":"Клиент",
"cdc":"Центр затрат",
"LieuIntervention":"Место работ",
"SousLieuIntervention":"Уровень",
"AjouterLieuASelection":"Добавить место работ",
"RetirerLieuDeSelection":"Узнать место работ",
"PreciserLieuSiBesoin":"Уточнить место работ",
"NatureDesTravaux":"Характер работ",
"Probleme":"Работы 1-го уровня",
"Probleme2":"Работы 2-го уровня",
"Designation":"Описание",
"PanneBloquante":"Поломка мешает вашей работе?",
"RaisonPanneBloquante":"Если да, то почему?",
"LieuEtDemandeur":"Место и клиент",
"PanneBloquanteAlt":"Блокирующая проблема",
"AjouterDocs":"Приложить файл",
"DocsAssocies":"Прикрепленные файлы",
"BoutonEnregistrerWithDocs":"Сохранить заявку и прикрепить файлы",
"Aucun":"Нет прикрепленных файлов к заявке",
"BoutonValider":"Валидировать",
"AttributionDeLaDemande":"Сфера деятельности, указанная в заявке",
"DateDebutIntervention":"Дата начала работ",
"DateFinIntervention":"Дата окончания работ",
"Commentaire":"Комментарий",
"ResolutionDeLaDemande":"Решение по заявке",
"AucunBatimentsDesigne":"Строение не выбрано",
"ModificationDemandeDeTravaux":"Изменение заявки",
"CloturerLaDemande":"Закрыть заявку",
"ConfirmationClotureDemande":"Закрыть заявку?",
"SocietesIntervenantes":"Место работ",
"Nom":"Фамилия",
"Tel":"Тел.",
"Fax":"Факс",
"AucuneSocieteAssociee":"Ни одна группа пользователей не связана с заявкой",
"PanneBloquantedesc":"Блокирующий по параметрам безопасности действие/доступ",
"CreeeLe":"Дата создания",
"EnvoyeeLe":"Дата отправки",
"TraiteeLe":"Дата обработки",
"EnCoursDepuisLe":"В процессе с (дата)",
"Bloquante":"Блокирующая",
"Relancer":"Повторно отрпавить",
"Relancee":"Повторно отправленная",
"RelanceeLe":"Дата повторной отправки",
"SurRelancer":"Вы уверены, что хотите отправить заявку повторно?",
"DemandeRelanceOK":"Ваша заявка была успешно отправлен повторно",
"DemandeAEteRelance":"Эта заявка была отправлена повторно",
"CommentaireRelance":"Комментарий при повторной отправке",
"RechercheDemandetravaux":"Поиск заявки",
"SaisissezLesCriteres":"Заполните различные критерии поиска",
"NumeroFicheIntervention":"Номер заявки",
"VeuillezTaperUnNumerique":"Введите номер",
"ChargeDaffaire":"Ответственный за раздел",
"Dispatcheur":"Диспетчер",
"Tempspreaction":"Предварительное время реагирования",
"Tempsdepannage":"Предварительное время выполнения заявки",
"CommentaireAffectation":"Комментарии по выполнению",
"AvancementTravaux":"Статус заявок",
"EtatNonDebute":"Не обработана",
"EtatAffecteCA":"Распределено, в ожидании выполнения",
"EtatEnCours":"В процессе выполнения",
"EtatTermine":"Выполнена",
"EtatMauvaiseAffectation":"Неправильное распределение",
"Tous":"Все",
"Annee":"Год",
"LancerLaRecherche":"Экспорт данных в файл формата .xls",
"LancerLaRechercheBrut":"Экспорт данных в файл формата .csv",
"SelectionnezUnEtat":"Выберите статус",
"SelectionnezUnCA":"Выберите CA",
"SocietesExistantes":"Существующие группы",
"SocietesChoisies":"Выбранные группы",
"VotreAvis":"Обратная связь",
"Avis":"Отзыв",
"TexteAvis":
{
    "1":"--",
    "2":"-",
    "3":"+",
    "4":"++"
},
"ResultatDeLaRechercheAffectation":"Список заявок, ожидающих рассмотрения",
"ResultatDeLaRecherche":"Результат поиска",
"PasDeReponses":"Нет ответов",
"NumeroFiche":"№ карточки",
"DateDemande":"Дата заявки",
"ChargeAffaire":"Ответственное лицо",
"LieuxDintervention":"Места доступа",
"Etat":"Состояние",
"ExplicationAffichageFiche":"Для просмотра кликните на иконку слева",
"NonDetermine":"Не определено",
"ModifierLaDemande":"Изменить заявку",
"ConsulterLaDemande":"Уточнить информацию по заявке",
"EnvoyerMailCA":"Отправить письмо ответственному за данную заявку",
"EnvoyerMailDemandeur":"Отправить письмо контактному лицу, указанному в заявке",
"MesDemandes":"Мои заявки",
"SupprimerCetteSociete":"Удалить эту группу",
"ImprimerDemande":"Печать заявки",
"DonnerAvis":"Ваш отзыв",
"IndicateurDemandesPourUnBatiment":"Индикатор заявок строений",
"IndicateurDemandesPourUnProbleme":"Индикатор заявок доступа",
"IndicateurDemandesAnnee":"Индикатор заявок за год",
"RepartitionSurUnBatiment":"Распределение заявок по строениям",
"RepartitionSurUnProbleme":"Распределение заявок по местам работ",
"RepartitionSurUneAnnee":"Распределение заявок по годам",
"TitreIndicateursBatiment":"Кол-во заявок",
"AxeXIndicateursBatiment":"Проблемы",
"TitreIndicateursProbleme":"Кол-во заявок",
"AxeXIndicateursProbleme":"Строение",
"TitreIndicateursAnnee":"Кол-во заявок",
"AxeXIndicateursAnnee     ":"Месяц",
"NombreDeDemandes":"Кол-во заявок",
"ListeEtat":
{
    "0":"создана",
    "1":"ожидает распределения",
    "2":"выполнена",
    "3":"неверное распределение",
    "4":"выполняется"
},
"MsgDateExportNonSaisie":"Период работы с заявкой некорректен",
"LaDateDemande":"Дата создания заявки",
"EntreLe":"с",
"EtLe":"по",
"InferieurDateTraitement":"Должна быть более ранней, чем дата рассмотрения",
"Janvier":"Январь",
"Fevrier":"Февраль",
"Mars":"Март",
"Avril":"Апрель",
"Mai":"Май",
"Juin":"Июнь",
"Juillet":"Июль",
"Aout":"Август",
"Septembre":"Сентябрь",
"Octobre":"Октябрь",
"Novembre":"Ноябрь",
"Decembre":"Декабрь",
"VeuillezSaisir":"Введите:",
"ContactOblig":"- контакты",
"SiteOblig":"- завод",
"ProblemeOblig":"- тип работ",
"Probleme2Oblig":"- работы 2-го уровня",
"LieuOblig":"- место",
"SousLieuOblig":"- уровень",
"LieuPrecisOblig":"- точное место",
"CAOblig":"- ответственное лицо",
"DateDebutIntervOblig":"- дата начала работ",
"HeureDebutIntervOblig":"- час начала работ",
"MinDebutIntervOblig":"- минуты начала работ",
"DateFinIntervOblig":"- дата окончания работ",
"HeureFinIntervOblig":"- час окончания работ",
"MinFinIntervOblig":"- минуты окончания работ",
"AvisOblig":"- ваш отзыв",
"MsgHeureFinNonSaisie":"Час окончания работ был введен некорректно",
"LaDateDebut":"Дата начала",
"InferieurDateFin":"должна быть более ранней, чем дата окончания",
"MailIci":"здесь",
"MailPriseCompteSujet":"Ваша заявка принята на рассмотрение",
"MailPriseCompteCorps":"Ваша заявка N°#id_demande была направлена #NomCA.<br> Вы можете посмотреть ее #ICI.",
"MailDesignationCASujet":"Распределение заявки №",
"MailDesignationCACorps":"Вам отправлена заявкаN°#id_demande.<br>Вы можете добавить информацию по этой заявке #ICI.",
"MailMajSujet":"Продвижение заявки",
"MailMajCorps":"Данные, касающиеся вашей заявки N°#id_demande, изменены.<br> Вы можете посмотреть продвижение заявки #ICI.",
"MailClotureSujet":"Закрыть заявку №",
"MailClotureCorps":"Ваша заявка N°#id_demande была только что закрыта.<br> Вы можете ознакомиться с данными, касающимися этой заявки, #ICI.",
"MailClotureCorps2":"Вы можете оставить своё мнение о выполнении заявки #ICI",
"MailRelanceSujet":"Повторная отправка заявки №",
"MailRelanceCorps":"Вам была повторно направлена заявка N°#id_demande.<br> Вы можете с ней ознакомиться #ICI.",
"MailSuiviAvisSujet":"Оповещение о негативном отзыве, касающимся обработки заявки",
"MailSuiviAvisCorps":"Негативный отзыв был направлен администратору по поводу удаления заявки #ICI",
"SiteCAOblig": "Выберите объект для исполнителя",
"SiteAdminOblig":"Выберите завод администратора",
"FonctionSeulementDispatcheur":"Эти права предоставлены администраторам и ответственным диспетчерам",
"GestionDesTypesProblemes":"Управление типами работ",
"GestionDesNaturesProblemes":"Управление характером работ",
"TypeProbleme":"Тип доступа",
"NatureProbleme":"Характер работ",
"TypeProblemeOblig":"- тип работ",
"NatureProblemeOblig":"- характер работ",
"AvisTexte":"Отзыв",
"Ok":"Ок",
"confSupprDemande":"Вы хотите удалить эту заявку?",
"supprStatutBloquant":"Снять блокировку с заявки?",
"excelCountLbl": "Le temps de réponse peut être long, suivant les critères que vous avez renseignés",
"site":"Объект",
"interventionLocation":"Место заявки",
"specifyLocation":"Уровень",
"interventionType":"Общий тип проблемы",
"interventionNature":"Проблема",
"level2Intervention":"Работы 2 уровня",
"attachment":"Attachments",
"attachmentLabel":"Example: .docx, pdf, jpeg, png",
"dragLabel":"Drag and drop",
"file":"File",
"url":"Url",
"urlPlaceholder":"Enter the Url",
"LangueGe":"Allemand",
"LangueBr":"Brésilien",
"LangueEn":"Anglais",
"LangueEs":"Espagnol",
"LangueFr":"Français",
"LangueIt":"Italien",
"LanguePo":"Portugais",
"LangueRo":"Roumain",
"LangueRu":"на русском языке",
"LangueTu":"Turc",
"Annuaire":"Адресная книга",
"Matricule":"Табельный номер",
"BoutonRechercher":"Искать",
"BoutonAutreRecherche":"Новый поиск",
"noResultats":"Нет результатов",
"Action":"действие",
"ProblemeAllocation":"Работы",
"AdditionalInfo":"Information additionnelle",
"total":"total",
"Title":"Enter the title",
"responseTime":"времени для реагирования",
"fixingTime":"времени для выполнения работ",
"AutoriserIndividu": "Сотрудник",
"Creee":"создания",
"Envoyee":"отправки"
}