{
"NomApplication": "GENEL HİZMETLER PROBLEM BİLDİRİM SİSTEMİ",
"GestionInfoDesSites": "Ek bilgilerin yönetimi",
"VeuillezChoisirUnSite": "Bir ülke seçiniz.",
"ddeAvecSousLieu": "Yer belirtilmesi isteniyor mu?",
"siteAAccesRestreint": "Ülke bilgilerine sınırlı erişim isteniyor mu?",
"quiAAcces": "Sorumlu?",
"VeuillezChoisirUneAPI": "API'nizi seçiniz.",
"VeuillezChoisirUnTimeZone": "Saat dilimini seçiniz.",
"Precedent":"Önceki",
"Retour":"Geri",
"Creer":"Yarat",
"Enregistrement":"Kaydet",
"Annuler":"İptal",
"Fermer":"Kapat",
"Enregistrer":"Kaydet",
"EnregistrerLesDonnees":"Veriyi kaydet",
"SaisissezLesInformations":"Bilgiyi gir",
"Rechercher":"Ara",
"BoutonCloturer":"Kapalı",
"BoutonMailCA":"Sorumluya mail gönder",
"BoutonMailDemandeur":"Bildirene mail at",
"BoutonMauvaiseAffectation":"Yanlışlıkla ayrılan",
"AucuneDemandeCorrespondante":"Hiçbir sonuç bulunmuyor - eşleşmiyor",
"SupprimerDemande": "Sil",
"SousTitre": 
		{
			"administrationgestionSiteChoix":"Bir ülkenin yönetimi",
			"administrationgestionSite":"Ülke Yönetimi",
			"demandesAfficheDemande":"YENİ BİLDİRİM",
			"mesdemandesAfficheDemande":"Problem bildirimi için başvur / düzenleme yap", 
			"mesdemandesmesdemandes":"Bildirim listesi",
			"mesdemandesAfficheAvisDemande":"Bildiriminizin işlenmesi hakkındaki görüşleriniz", 
			"majmaj":"Bildirim arama", 
			"indicateurschoix_export":"Bildirimlerin Excel Dosyasına Aktarılması",
			"affectationAfficheDemande":"Problem bildiriminin yönlendirmesi",
			"indicateursindicateurs":"Bildirimlerin Excel Dosyasına Aktarılması",
			"administrationCommunication":"İletişim",
			"administrationStats":"",
			"affectationaffectation":"",
			"administrationadministration":""
		},
"Onglet_NouvelleDemande":"YENİ BİLDİRİM",
"Onglet_MesDemandes":"BİLDİRİMLERİM",
"Onglet_Affectation":"YÖNLENDİRME",
"Onglet_MiseAJour":"ARAMA",
"Onglet_Indicateurs":"Göstergeler",
"Onglet_Administration":"Yönetim",
"GestionDesSites":"Ülke Yönetimi",
"GestionDesProblemes":"İşlemlerin yönetimi",
"GestionDesSousProblemes":"Problem Detayı Yönetimi",
"GestionDesLieuxIntervention":"Problem Bölgelerinin Yönetimi",
"GestionDesSousLieuxIntervention":"Konum Yönetimi",
"GestionDesTpsReaction": "Cevap Süresinin Yönetimi",
"GestionDesTpsDepannage": "Çözüm Süresinin Yönetimi",
"GestionDesUtilisateurs":"Kullanıcı Yönetimi",
"GestionComm":"İletişim yönetimi",
"GestionDesSocietes":"Firmaların Yönetimi",
"IndicateurExportExcel":"Bidirimlerin excel dosyasına aktarılması",
"ListeDesProblemes":"Problemler listesi",
"ListeDesLieuxIntervention":"Problem yerlerinin listesi",
"Intitule":"İsim",
"ModifierCeProblme":"Bu problemi değiştir",
"AucunProblemesEnregistre":"Hiçbir işlem kaydedilmemiştir",
"ModifierLieuxIntervention":"Problem yerini değiştir.",
"AucunLieuxInterventionEnregistre":"Hiçbir problem yeri kaydedilmemiştir",
"RetourMenuDadministration":"Yönetim menüsüne geri dön",
"SelectionnezUnProbleme":"Bir problem seçiniz",
"SelectionnezUnLieuxIntervention":"Problem yeri seçimi",
"VousDevezSaisirUnIntitule":"İsim girmelisiniz",
"FormulaireDeSaisieDunProbleme":"Problem giriş formu",
"SaisissezLintituleDuProbleme":"Problem ismi giriniz",
"RevenirALaListeDesProblemes":"Problem listesine geri fön",
"FormulaireDeSaisieDunLieuxIntervention":"Problem yeri giriş formu",
"SaisissezLintituleDuLieuxIntervention":"Problem yerinin ismini giriniz",
"RevenirALaListeDesLieuxIntervention":"Müdahale bölgesi listesine geri dön",
"ListeDesSocietes":"İşlem yapan firmaların listesi",
"Nom":"Soyad",
"Actif":"Aktif",
"Inactif":"Aktif değil",
"Oui":"Evet",
"Non":"Hayır",
"ModifierCetteSociete":"Firmayı düzenle",
"AucuneSocieteEnregistre":"Hiçbir firma kaydedilmemiştir",
"titreExport":"Problem Bildirimleri",
"TabOuiNon":{
	"0":"Hayır",
	"1":"Evet"
},
"SelectionnezUneSociete":"Firma seç",
"VousDevezSaisirUnNom":"İsim gir",
"FormulaireDeSaisieDuneSociete":"Firma giriş formu",
"NouvelleDemandeDeTravaux":"Yeni problem bildirimi",
"LesChampsMarquesDunAsterisque":"* işaretli alanların doldurulması zorunludur",
"SaisiPar":"Bildirimde Bulunan",
"PersonneAContacter":"İstekçi",
"cdc": "Masraf Yeri",
"LieuIntervention":"Problemin Yeri",
"SousLieuIntervention":"Seviyelerin yönetimi",
"AjouterLieuASelection":"Seçim için konum ekle",
"RetirerLieuDeSelection":"Seçimden konumu kaldır",
"PreciserLieuSiBesoin":"Yeri belirt",
"NatureDesTravaux":"Problem",
"Probleme":"İşlem",
"Probleme2":"Problem Detayı 2",
"Designation":"Açıklama",
"PanneBloquante":"Bloke edici bir problem mi?",
"RaisonPanneBloquante":"Evet ise nedenini belirtiniz",
"LieuEtDemandeur":"Yer ve istekçi",
"PanneBloquanteAlt":"Bloke edici problem",
"AjouterDocs": "Dökuman ekle ",
"DocsAssocies": "Belgeler isteğe eklendi",
"Aucun": "Hiçbir dökuman isteğine eklenmedi",
"BoutonEnregistrerWithDocs": "Kaydet ve belge ekle",
"BoutonValider": "Onayla",
"AttributionDeLaDemande":"İsteğin Yönlendirmesi",
"DateDebutIntervention":"Probleme başlama günü",
"DateFinIntervention":"Problemin sonuçlanma günü",
"Commentaire":"Yorum",
"ResolutionDeLaDemande":"Bildirimin çözümü",
"AucunBatimentsDesigne":"Hiçbir bina belirtilmemiştir",
"ModificationDemandeDeTravaux":"Problem bildirimini düzenle",
"CloturerLaDemande":"Bildirimi kapat",
"ConfirmationClotureDemande":"Bu bildirimi kapatmaya onayınız var mı?",
"SocietesIntervenantes":"Problem şirketleri",
"Nom":"İsim",
"Tel":"Telefon",
"Fax":"Fax",
"AucuneSocieteAssociee":"Bu bildirim için hiçbir firma tanıtılmamıştır",
"PanneBloquantedesc":"Aktivitenizi sürdürmenizi engelleyen veya güvenlik riski oluşturan problemler için",
"CreeeLe":"Yaratılmakta olan",
"EnvoyeeLe":"Gönderilmekte olan",
"TraiteeLe":"İşlenmekte olan",
"EnCoursDepuisLe":".. dan beri süreçte",
"Bloquante":"Blokaj",
"Relancer":"Tekrar gönder",
"Relancee":"Tekrar gönderilmiş",
"RelanceeLe":"Tekrar gönderilmekte olan",
"SurRelancer":"Bu bildirimi tekrar göndermek istediğinizden emin misiniz?",
"DemandeRelanceOK":"Problem bildiriminiz başarılı şekilde tekrar gönderilmiştir",
"DemandeAEteRelance":"Problem bildirimi gönderilmiştir",
"CommentaireRelance":"Tekrar gönderilme yorumu",
"RechercheDemandetravaux":"Problem bildirimi araması",
"SaisissezLesCriteres":"Arama kriterlerinizi giriniz.",
"NumeroFicheIntervention":"Bildirim numarası",
"VeuillezTaperUnNumerique ":"Lütfen değerleri sayısal tipte gir.",
"ChargeDaffaire":"Sorumlu",
"Dispatcheur":"Görev dağıtıcı",
"Tempspreaction":"Planlanmış cevaplama zamanı",
"Tempsdepannage":"Planlanmış arıza- tamir zamanı",
"CommentaireAffectation":"Yönlendirme yorumu",
"AvancementTravaux":"İlerleme durumu",
"EtatNonDebute":"Atanmayı bekliyor",
"EtatAffecteCA":"Atandı - onay bekleniyor",
"EtatEnCours":"Çalışma devam ediyor",
"EtatTermine":"Tamamlandı",
"EtatMauvaiseAffectation":"Hatalı atama",
"Tous":"Her",
"Annee":"Yıl",
"LancerLaRecherche":"Başlangıç araması",
"LancerLaRechercheBrut": "CSV formatında aktar",
"SelectionnezUnEtat":"Durum seç",
"SelectionnezUnCA":"Sorumlu seç",
"SocietesExistantes":"Var olan firmalar",
"SocietesChoisies":"Seçilen firmalar",
"VotreAvis":"Fikriniz",
"Avis":"Fikir",
"TexteAvis":
	{
		"1":"--",
		"2":"-",
		"3":"+",
		"4":"++"	
	},
"ResultatDeLaRechercheAffectation":"Yönlendirilmeyi Bekleyen Görevler Listesi",
"ResultatDeLaRecherche":"Sonuçları ara",
"PasDeReponses":"Cevap yok",
"NumeroFiche":"Bildirim numarası",
"DateDemande":"Bildirim Tarihi",
"ChargeAffaire":"Sorumlu",
"LieuxDintervention":"Problemin Yeri",
"Etat":"İşlem Durumu",
"ExplicationAffichageFiche":"Zorunlu sayfayı görüntüleyebilmek için küçük ikona gelip sol tarafa tıkla.",
"NonDetermine":"Belirlenmemiş",
"ModifierLaDemande":"Bildirimi düzenle",
"ConsulterLaDemande":"Danış",
"EnvoyerMailCA":"Bu bildirim için sorumluya e-posta gönderin",
"EnvoyerMailDemandeur":"Bu bildirim için ilgili kişiye e-posta gönderin",
"MesDemandes":"BİLDİRİMLERİM",
"SupprimerCetteSociete":"Bu firmayı sil",
"ImprimerDemande":"Bildirimi yazdır",
"DonnerAvis":"Düşünceni ilet",
"IndicateurDemandesPourUnBatiment":"Belirli binaların istekleri için endikatörler",
"IndicateurDemandesPourUnProbleme":"Belirli müdahele istekleri için endikatörler",
"IndicateurDemandesAnnee":"Belirli yılların istekleri için endikatörler",
"RepartitionSurUnBatiment":"Bildirimlerin binaya göre dağılımı",
"RepartitionSurUnProbleme":"Bildirimlerin problem tipine göre dağılımı",
"RepartitionSurUneAnnee":"Bildirimlerin yıla göre dağılımı",
"TitreIndicateursBatiment":"Bildirim sayısı",
"AxeXIndicateursBatiment":"Problemler",
"TitreIndicateursProbleme":"Bildirim sayısı",
"AxeXIndicateursProbleme":"Binalar",
"TitreIndicateursAnnee":"Bildirim sayısı",
"AxeXIndicateursAnnee":"Aylar",
"NombreDeDemandes":"Bildirim sayısı",
"ListeEtat":
	{
		"0":"Durum: Yönlendirilmeyi bekliyor",
		"1":"Durum: Yönlendirildi",
		"2":"Durum : Tamamlandı",
		"3":"Durum: Hatalı yönlendirme",
		"4":"Durum: Devam ediyor"	
	},
"MsgDateExportNonSaisie":"Problem bildirimlerinin ayıklanması için verilen süre yanlıştır",
"LaDateDemande":"Problem Bildirim Tarihi",
"EntreLe":"arasında",
"EtLe":"ve",
"InferieurDateTraitement":"Arama tarihinden önce olmalı",
"Janvier":"ocak",
"Fevrier":"şubat",
"Mars":"mart",
"Avril":"nisan",
"Mai":"mayıs",
"Juin":"haziran",
"Juillet":"temmuz",
"Aout":"ağustos",
"Septembre":"eylül",
"Octobre":"ekim",
"Novembre":"kasım",
"Decembre":"aralık",
"VeuillezSaisir":"Lütfen giriş yap:",
"ContactOblig":"Kişi",
"SiteOblig":"Ülke",
"ProblemeOblig":"Problem bildirimi",
"Probleme2Oblig":"Problem bildirimi 2",
"LieuOblig":"- yer",
"SousLieuOblig":"- seviye",
"LieuPrecisOblig":"- belirli yer",
"CAOblig":"Sorumlu",
"DateDebutIntervOblig":"Problem bildirim tarihi",
"HeureDebutIntervOblig":"Problem bildirim saati",
"MinDebutIntervOblig":"Problem bildirim dakikası",
"DateFinIntervOblig":"Problemin Kapanma Tarihi",
"HeureFinIntervOblig":"Problemin Kapanma Zamanı",
"MinFinIntervOblig":"Problemin Kapanma Dakikası",
"AvisOblig":"fikriniz",
"MsgHeureFinNonSaisie":"Tamamlanma zamanı doğru girilmemiştir",
"LaDateDebut":"Başlangıç tarihi",
"InferieurDateFin":"Tamamlanma gününden önce olmalı",
"MailIci":"Burası",
"MailPriseCompteSujet":"#NOMCA Bildiriminizin ilerlemesini izleyebilirsiniz #ICI",
"MailPriseCompteCorps":"Bildiriminiz ile ilgili süreci izleyebilirsiniz",
"MailDesignationCASujet":"Problem bildiriminin yönlendirmesi",
"MailDesignationCACorps":"N°#id_demande problem bildiriminden ayrıldınız. Bu istek ile ilgili verileri doldurabilirsiniz.",
"MailMajSujet":"N° problem bildiriminin ilerleme durumu",
"MailMajCorps":"Problem bildirimi ilgili veriler N ° # id_istek değiştirildi. #ICI isteğinin ilerlemesine başvurabilirsiniz",
"MailClotureSujet":"Problem bildiriminin kapanması",
"MailClotureCorps":"Problem bildirimi  N ° # id_demande kapatıldı Bu problem ile ilgili verilere başvurabilirsiniz #ICI",
"MailClotureCorps2":"kendi fikrinizi işlenmiş biçim üzerinde verebilirsiniz #ICI.",
"MailRelanceSujet":"Problem bildirini tekrar gönder",
"MailRelanceCorps":"Bu bildirim ile ilişkili verilere danış",
"MailSuiviAvisSujet": "Bildirimin kapatılmasından sonra olumsuz bir durum ortaya çıktı, #id_demande <br> #ICI sitesinden ilgili verilere erişiminiz va",
"MailSuiviAvisCorps": "Bildirimin kapatılmasından sonra olumsuz bir durum ortaya çıktı, #id_demande <br> #ICI sitesinden ilgili verilere erişiminiz va",
"SiteCAOblig":"Sorumlu için lütfen ülke seçin",
"SiteAdminOblig":"Yönetim için lütfen ülke seç",
"FonctionSeulementDispatcheur":"Bu fonksiyon sadece yönetim, görev dağıtıcı, sorumlu kullanımı için uygundur",
"GestionDesTypesProblemes": "Problem Tipi Yönetimi",
"GestionDesNaturesProblemes": "Problem Detayı Yönetimi",
"TypeProbleme": "Problem Tipi",
"NatureProbleme": "Problem Detayı 1",
"TypeProblemeOblig": "Problem Tipi",
"NatureProblemeOblig": "Problem Detayı 1",
"AvisTexte": "",
"Ok": "",
"confSupprDemande": "Bu isteği silmek mi istiyorsunuz ?",
"supprStatutBloquant": "Bu istekten blokan statüsünü kaldırmak mı istiyorsunuz ?",
"excelCountLbl ": "Seçtiğiniz kriterlere göre bekleme süresi uzun olabilir.",
"site":"Ülke",
"interventionLocation":"Problemin Yeri",
"specifyLocation":"Konumu Belirtin",
"interventionType":"Problem Tipi",
"interventionNature":"Problem Detayı 1",
"level2Intervention":"Problem Detayı 2",
"attachment":"Ekler",
"attachmentLabel":"Örnek: .docx, pdf, jpeg, png",
"dragLabel":"Sürükle ve bırak",
"file":"Dosya",
"url":"Url",
"urlPlaceholder":"URL'yi girin",
"LangueAl":"Almanca",
"LangueBr":"Portekizce (Brazilya)",
"LangueEn":"Ingilizce",
"LangueEs":"Ispanyolca",
"LangueFr":"Fransizca",
"LangueIt":"Italyanca",
"LanguePo":"Portekizce (Portekiz)",
"LangueRo":"Romence",
"LangueRu":"Rusça",
"LangueTu":"Türkçe",
"LangueTable": 
		{
			"Al":"Almanca",
			"Br":"Portekizce (Brazilya)",
			"En":"Ingilizce",
			"Es":"Ispanyolca", 
			"Fr":"Fransizca",
			"It":"Italyanca", 
			"Po":"Portekizce (Portekiz)", 
			"Ro":"Romence",
			"Ru":"Rusça",
			"Tu":"Türkçe"
		},	
"BoutonAccepter":	"Kabul",
"BoutonAjouter":	"Ekle",
"BoutonAnnuler":	"Iptal",
"BoutonAnnulerSaisie":	"Girilen veriyi iptal et",
"BoutonConfigure":	"Yapilandir",
"BoutonCorriger":	"Dogru ",
"BoutonConsulter":	"Göz at",
"BoutonContinuer":	"Devam et",
"BoutonDetailler":	"Ayrinti",
"BoutonEnregistrer":	"Kaydet",
"BoutonEnvoyerSignature":	"Dogrulamayi gönder",
"BoutonFermer":	"Kapat",
"BoutonFermerFenetre":	"Pencereyi kapat",
"BoutonModifier":	"Degisiklik yap",
"BoutonOuvrir":	"Aç",
"BoutonPrecedent":	"Önceki",
"BoutonPublier":	"Yayinla",
"BoutonRechercher":	"Ara",
"BoutonRefuser":	"Reddet",
"BoutonSigner":	"Oturum aç",
"BoutonSuivant":	"Bir sonraki",
"BoutonSupprimer":	"Sil",
"BoutonToutEffacer":	"Tümünü sil",
"BoutonTraduire":	"Çeviri",
"BoutonQuitter":	"Çikis",
"OngletEtatsSynthese":	"Sentez raporu",
"OngletAdministration":	"Yönetim",
"OngletAide":	"Yardim",
"OngletAPropos":	"Hakkinda",
"IconeExcelAlt": "Bu sayfayi excel ile aç",
"IconeImprimerAlt": "Bu sayfayi yazdir",
"Documentation":	"Dokümantasyon",
"CommentaireDocumentation":	"Uygulama hakkinda kullanici dökumantasyonu",
"Aproposde":	"Hakkinda",
"CommentaireAproposde":	"Uygulama hakkinda genel bilgilendirme",
"Annuaire":	"Rehber - Dizin",
"CommentaireAnnuaire":	"Rehberde bir kisiyi ara",
"MoteurRecherche":	"Arama motoru",
"CommentaireMoteurRecherche":	"VSF Web dökumani ara",
"Introduction":	"Giriş",
"AproposDe":	"Hakkinda",
"Presentation":	"Sunum",
"PagePrecedente":	"Bir önceki sayfa",
"PageSuivante":	"Bir sonraki sayfa",
"Imprimer":	"Yazdir",
"FermerCetteFenetre":	"Pencereyi kapat",
"Apropos":	"Hakkinda",
"QuelleApplication":	"Hangi uygulama ?",
"InfoGenerales":	"Genel bilgilendirme",
"Ousuisje":	"Neredeyim?",
"PasInfoDispo":	"Herhangi bir bilgilendirme bulunmamaktadir.",
"Quisuisje":	"Ben kimim?",
"CommentAccederAppli":	"Uygulamaya nasil erisebilirim?",
"MesInfoPerso":	"Kisisel bilgilerim",
"QuellesAutorisations":	"Hangi tür yetkilendirme?",
"MesAutorisationsAppli":	"Uygulamaya giris için benim yetkilerim",
"Securite":	"Güvenlik",
"SecuriteConfidentialite":	"Güvenlik ve gizlilik",
"TexteSecurite":	"Bu uygulamanin sadece Renault yöneticileri ve ortaklari tarafindan kullanilmasi istenmektedir",	
"Msg_enregistrement_en_cours":	"<b><i>süreç süresinde kaydet</i></b>\n",
"Msg_suppression_en_cours":	"<b><i>süreç süresinde sil</i></b>\n",
"Msg_erreur_enregistrement":	"Kaydetme sirasinda bir hata ile karsilasildi.",
"Msg_erreur_suppression":	"Silme sirasinda bir hata ile karsilasildi.",
"Utilisateur":	"Kullanici",
"Nom":	"Soyad",
"Prenom":	"Ad",
"Matricule":	"Kimlik numarasi",
"Email":	"Mail",
"CompteWeb":	"Web hesabi",
"IPN":	"IPN",
"nom":	"Soyad",
"prenom":	"Isim",
"matricule":	"Kimlik numarasi",
"email":	"Mail",
"CourrierElectronique":	"Elektronik Mail",
"Date":	"Tarih",
"et":	"ve",
"Le":	"",
"La":	"",
"Un":	"Bir",
"Une":	"Bir",
"Active":	"Aktif",
"TitreGeneriqueApplication":	"Uygulama basligi",
"SousTitreGeneriqueApplication":	"Uygulama altyazisi",
"RetourPageAcceuil":	"Ana ekran sayfasina geri dön",
"TitreMaintenance":	"Uygulama bakimda",
"TexteMaintenance":	"Uygulama şu anda bakımda. - Mümkün olan en kısa zamanda durumu düzeltmek için elimizden geleni yapıyoruz. Rahatsızlık için üzgünüz",
"Organisation":	"Organizasyon",
"Societe":	"Firma",
"Departement":	"Ayrim",
"Departements":	"Ayrimlar",
"Dpt":	"Departman",
"Direction":	"Departman",
"Service":	"Departman",
"Services":	"Departmanlar",
"Section":	"Bölüm",
"Sections":	"Bölümler",
"societe":	"Firma",
"departement":	"Ayrim",
"service":	"Departman",
"section":	"Bölüm",	
"API":	"IPA",
"AdressePostaleInterne":	"Iç posta adresi",
"Telephone":	"Telefon",
"Fax":	"Fax",
"MessagerieVocale":	"Sesli mesaj",
"Mevo":	"Sesli mesaj",
"Libelle_mois": 
		{
			"1":"Ocak",
			"2":"Subat",
			"3":"Mart",
			"4":"Nisan", 
			"5":"Mayis",
			"6":"Haziran", 
			"7":"Temmuz", 
			"8":"Agustos",
			"9":"Eylül",
			"10":"Ekim",
			"11":"Kasim",
			"12":"Aralik"
		},
"Libelle_jour": 
		{
			"Mon":"Pazartesi",
			"Tue":"Sali",
			"Wed":"Çarsamba",
			"Thu":"Persembe", 
			"Fri":"Cuma",
			"Sat":"Cumartesi", 
			"Sun":"Pazar"
		},	
	
"ErreurAcces":	"Yetki hatasi",
"VousNAvezPasAccesACetteApplication":	"Uygulamaya giriş için yetkili değilsiniz. Lütfen sorumlu ile irtibata geçiniz",
"FonctionSeulementAdmin":	"Bu fonksiyon yöneticiler içindir",
"BoutonDocument":	"Ekle/ Değiştir",
"AjouterDocument":	"Dökuman ekle",
"AjouterDocumentAlt":	"Yeni dökuman ekle",
"ModifierDocument":	"Aşağıdaki alanlardan biri için değişiklik yap",
"ModifierDocumentAlt":	"Mevcut belgeyi değiştir",
"AbscenceDocument":	"Lütfen bir dosya seçiniz",
"AbscenceURL":	"Lütfen URL adresini giriniz",
"AbscenceIntitule":	"Lütfen baslik giriniz",
"Intitule":	"Baslik",
"Fichier":	"Dosya",
"FichierExistant":	"Mevcut dosya",
"FichierRemplace":	"Degistirilecek dosya",
"OuURL":	"ya da URL",
"BoutonTester":	"Test",
"BoutonTesterAlt":	"URL 'yi dene.",
"Commentaire":	"Yorum",
"Nouveau":	"Yeni",
"TailleIcone":	"Ikonlarin boyutu",
"Type":	"Tip",
"Apercu":	"Önizleme",
"TailleOctet":	"Boyut (bit)",
"Date":	"Tarih",
"Par":	"… tarafindan",
"Action":	"Aksiyon",
"OuvrirDoc":	"Dosyayi açmak için tikla",
"OuvrirLien":	"Linki açmak için tikla",

"DetailOrganisation": "Organizasyon detaylari",
"XPersonnesAppartenantAOrg": "Bu organizasyon için etkilenecek olan insanlar",
"SousTitreAutorisation": "Erişim yetkileri",
"CritereAuto": "Bu aktör için konu",
"VousAutorisez": "…..'a yetki ver",
"AvecRoles": "bu görevle ",
"Roles": "Görevler",
"RetourPagePrecedent": "Bir önceki sayfaya geri dön",
"EnregistrerAuto": "Kaydet",
"AuMoinsUnRole": "En az bir görev seçmelisiniz",
"ParamManquant": "Uyari: parametreler eksik",
"DuDepartement": "Departmani",
"DuService": "Servisi",
"DeLaSection": "Bölümü",
"LeDepartement": "Ayrim",
"LeService": "Servis",
"LaSection": "Bölüm",
"UnDepartement": "Ayrim",
"UnService": "Servis",
"UneSection": "Bölüm",
"QuiEstCE": "Kim ?",
"GroupeOrganiIndividu": "Grup / kisi",
"Groupes": "Gruplar",
"Groupe": "Grup",
"Individus": "Kisi",
"NewAuto": "Yeni kullanıcının rolünü tanımla",
"RefActeurs": "Tanımlanmış kullanıcılar",
"AutoriserGroupe": "Gruba erisim ver",
"AutoriserGroupe_Alt": "Ayni gruptaki kisilere erisim ver",
"AutoriserOrgani": "Ayni organizasyondaki kisilere erisim ver",
"AutoriserOrgani_Alt": "Organizasyondaki kisilere erisim ver",
"AutoriserIndividu": "Kişiye erişim ver",
"AutoriserIndividu_Alt": "Kisiye erisim ver",
"RechercheAnnuOblig": "Rehberdeki kişileri ara",
"AlerteAbscencePerso": "Kisi seçmek zorundasin\\n",
"AlerteRechercheAnnu": "",
"ChoisirIndividu": "Spesifik kisi seç",
"BoutonRechercheAnnu": "Rehberde arama yap",
"SelectionnerRoles": "Görev seç",
"RetourListeAuto": "Yetkilendirmeler listesine geri dön",
"RetourListeGroupes": "Grup listesine geri dön",
"AlerteAbscenceGroupe": "Grup seç",
"BoutonEnvoyerMail_desc": "Seçilmisl kisilere mail at",
"EtapeAutorisation": 
		{
			"PROFIL":{
				"1":"Gruba erisim ver",
				"2":"Grup filtresi",
				"3":"Görev ve konu"
			},
			"ORG":{
				"1":"Organizasyona erisim ver",
				"2":"Organizasyon filtresi",
				"3":"Kullanıcının rolünü ve alanını seçiniz"
			},
			"SITE_CAT":{
				"1":"Websitesine erisim ver ya da rehberdeki yöneticilere erisim ver",
				"2":"Görev ve konu"
			},
			"USER":{
				"1":"Kisiye erisim ver",
				"2":"Görev ve konu"
			},
			"CCA":{
				"1":"Choose a Cost Center",
				"2":"",
				"3":""
			}
},
"ChoisissezLeGroupeQueVousDesirezAutoriser": "Bu uygulama için erişim vermek istediğiniz kişileri seçin",
"SelectionnerGroupe": "Grup seç",
"ListeDesGroupes": "Gruplarin listesi",
"DecriptionGroupe": "Grubun tanimi",
"ListePersonneGroupe": "Gruptaki kisiler",
"VoirListePersonne": "Seçilmiş kişilerin listesini gör",
"OrganisatDansGroupe": "Grubu filtrelemek için organizasyon seçin",
"AlerteOrganisatOblig": "Organizasyon seç",
"AutorisatCommentair2": "Kisileri filtrele",
"AutorisatCommentair3": "Erişim sağlamak istediğiniz grubu seçin",
"RestreindreGroupe": "Grubu filtreleyin",
"NePasRestreindGroupe": "Grubu filtrelemeyin",
"A_AccentGrave": "için",
"SelectionnerOrganisat": "Organizasyon seç",
"SelectionnerDptSceSect": "Ayrim, servis veya bölüm seç",
"PersonnesSelectionnes": "Kisi seç",
"Actions": "Güncelleme",
"FiltrerLignes": "Satırları filtrele",
"ToutesLignes": "Tüm satirlar",
"SupprimerLigne": "Satiri sil",
"ModifierLigne": "Satiri düzenle",
"ComparerAutorisation": "Bu yetkiyi organizasyon/grup tipi yetkiler ile karsilastir",
"PasLigneAffichee": "Sonuç yok",
"PasActeurDefinit": "Hiçbir kişi tanımlanmadı.Erişim vermek için bir kişi seçin",
"ListePersAutorisees": "Yetkili kisilerin adi",
"ComfirmSupprLigne": "Bu satiri gerçekten silmek istiyor musunuz?",
"LeGroupe": "Grup",
"Erreur": "Hata",
"AutoExisteDeja": "Bu yetki zaten var",
"CompteInactif": "Aktif olmayan hesap",
"SelectionObligatoire": "Kişi için konu seç",
"VeuillezCorrigerInfo": "Yukaridaki bilgileri dogrula",
"AccesSeulAdmin": "Sadece yöneticiler yetkileri gerçeklestirmek için yetkilendirilmistir",
"AccesSeulRedac": "Sadece okuyucular yetkileri gerçeklestirmek için yetkilendirilmistir",
"SupprimerMultiAutorisation": "Seçili satirlarin hepsini sil",
"SupprMultiNonCoche": "Hiçbir satir kontrol edilmemistir",		
"TitreAppliVerifAuto":	"Yetkileri kontrol et",
"UtilisateurTeste":	"Test kullanicisi",
"NbAutoIndividuelles":	"geçmisteki kisisel yetkileri gözden geçir",
"NbAutoIndCoorigees":	"dogru kisisel yetkilerin sayisi",
"Dept":	"Departman",
"Serv":	"Servis",
"Sect":	"Bölüm",
"AutorisationProfil":	"Profillerdeki yetkiler",
"PasAutoProfil":	"Profile bagli hiçbir yetki yoktur",
"AutorisationOrgani":	"Organizasyondaki yetkiler",
"PasAutoOrgani":	"Organizasyona bagli hiçbir yetki yoktur",
"AutorisationIPN":	"IPN'e bagli yetkiler",
"PasAutoIPN":	"IPN'e bagli hiçbir yetki yoktur",
"KillAll":	"Hepsini sonlandir",
"KillAllUsers":	"Tüm kullanicilari sonlandir",		
"DetailProfil":	"Profil detayi",
"ListeIndividuDuProfil":	"Profile ait kisilerin listesi",
"ResponsableDuProfil":	"Profil yöneticisi",
"MaJDuProfil":	"Profil güncellemek",
"XPersonnesAppartenantAuProfil":	"Profile ait kisiler.",	
"AppliNonDispoPbLangue":	"Dil dosyası ile ilgili teknik problem nedeniyle web uygulaması geçici süre ile servis dışıdır",
"AppliNonDispoPbOracle":	"ORACLE data dosyasi ile ilgili teknik problem nedeni ile web uygulamasi geçici süre ile servis disidir",	
"VosDelegationEnCours":	"Bunlar sizin mevcut yetkileriniz",
"Delegue":	"Yetki",
"Delegataire":	"Yetki ver",
"SupprimerCetteDelegation":	"Bu yetkiyi sil?",
"VosDelegationAccordees":	"Bunlar size verilmis olan yetkiler",
"PasConcerneParDelegation":	"imza yetkisi için ilgili degilsiniz",
"PeriodeDelegation":	"Yetki periyodu",
"DestinataireDelegation":	"Yetki alici",
"AppliPourDelegationOblig":	"Imza yetkisine sahip oldugun en az 1 tane uygulama seç.",
"DateFinSupDateDebut":	"Bitis tarihi baslangiç tarihi ile ayni veya sonra olmalidir.",
"DateDebutSupAujourdHui":	"Baslangiç günü geçti / Baslangiç günü bugünden önce idi.",
"DestinataireDelegationOblig":	"Yetki alici seçilebilir.",
"PasDelegationASoi":	"Kendi imza yetkinizi kendiniz veremezsiniz",
"DelegationQuaInterne":	"Sadece içerden kisilere yetki verebilirsin.",
"DelegueADeleguer":	"Bu süreç için,yetkili daha önceden kendi imzasini yetkilendirmistir.",
"DejaDeleguer":	"Bu süreç için seçilmis olan uygulamalar için imza yetkiniz mevcuttur.",
"PasDeleguerDelegation":	"Bu süreç için yetki size daha önceden tanimlanmistir. Yetkili birine yetki veremezsiniz.",
"SupprQueSaDelegation":	"Yetkili olmadiginiz konular için yetkilileri silemezsiniz.",
"TexteMailADelegue":	"Merhaba,<BR>Bilginiz için,<BR> #DATE_DEBUT_DELEGATION'den #DATE_FIN_DELEGATION'e kadar           <BR>su uygulama(lar) için sizi yetkilendirmis bulunuyorum : <BR><BR>",
"BoutonRetour": "Geri",
"Msg_enregistrement_termine": "<B><I>Kaydetme tamamlandi.</I></B>\n",
"Msg_suppression_termine": "<B><I>Silme tamamlandi.</I></B>\n",
"Application": "Uygulama",
"Application_s": "Uygulamalar",
"DateDebut": "Baslaniç günü",
"DateFin": "Bitis günü",
"DELEGATIONvotreSIGNATURE": "Imzan için yetkilendirme",
"DELEGATION_SIGNATURE": "Imza için yetkilendirme",
"inclus": "Dahil et",
"BoutonValider": "Onayla",
"Erreur": "Hata",
"Cl_Table_msg_no_result": "Kriterlerinize uygun sonuç bulunamamıştır.",
"Cl_Table_msg_nb_result": "kritere uygun % sonuç vardir.",
"Cl_Table_msg_one_result": "kriterinize uygun 1 sonuç bulunmustur.",
"Cl_Table_msg_reponses_de_a": "% den % ye sonuçlar",
"Cl_Table_Bouton_PlusPage": "Birkaç sayfa",
"Cl_Table_Bouton_PlusPage_alt": "Sayfalar için sonuçları göster",
"Cl_Table_Bouton_PageCourante_alt": "Bulundugunuz sayfa",
"Cl_Table_Bouton_Page_alt": "Sayfa",
"Cl_Table_Bouton_UneSeulePage": "Tek sayfa",
"Cl_Table_Bouton_UneSeulePage_alt": "Sayfadaki tüm sonuçlari göster",
"Cl_Mail_liste_destinataire": "Alici listesi:",
"Cl_Mail_liste_dest_copie": "CC'de olan alicilarin listesi:",
"Cl_Mail_liste_dest_copie_cachée": "BCC'de olan alicilarin listesi",
"Cl_Mail_mail_re7": "Bu mail test asamasinda olan uygulama tarafindan gönderilmistir. Kabul sürecine dahil degilseniz lütfen mesaji önemsemeyiniz.",
"Cl_Date_CliquezIciPourCalend": "Takvimi görüntülemek için tikla",
"Cl_Date_ErreurJS_date_format": "Girilen tarih yanlış(GG/AA/YYYY)",
"Calend_MoisPrecedent": "bir önceki ay",
"Calend_MoisSuivant": "bir sonraki ay",
"Initiale1Lettre_Jour": 
		{
			"0":"L.",
			"1":"M.",
			"2":"M.",
			"3":"J.", 
			"4":"V.",
			"5":"S.", 
			"6":"D."
		},
"Document_DocumentAssocies": "İlgili Dökümanlar",
"Document_ouvrirDocument": "Dökumani aç",
"Document_pasAutorise": "Bu dosyayi okumak için izniniz yok.",
"Document_impossibleLire": "Bu dosya okunmuyor",
"Document_erreurSuppr": "Dosyayi silerken hata olustu",
"Document_erreurUpload": "Dosyayi yüklerken hata olustu",
"Document_erreurEnregistre": "Dosyayi kaydederken hata olustu",
"Document_MaJDoc": "Dökumani güncelle.",
"Document_SupprDoc_confirm": "Dökumanı sil?",
"Document_SupprDoc": "Dökumani sil.",
"Document_DocPasAjoute": "Bu dökuman eklenemez.",
"Document_DocACopier": "Dosya kopyalanacaktir",
"Cl_Annu_Nouvel_individu": "Yeni birey",
"Cl_Annu_Ajouter_individu": "Yeni birey ekle",
"Cl_Annu_Suppr_individus": "Seçili kisileri kaldir ",
"Cl_Annu_Recherche_individus": "Rehberden kisileri ara",
"Cl_Annu_Nom_comme": "Soyadi anlaminda",
"Cl_Annu_Prenom_comme": "Ilk ismi anlaminda",
"Cl_Annu_Rech_individus_alt": "Bu soyada ait kisileri rehberden ara",
"Cl_Annu_Rech_individus_desc": "Soyadi gir ve arama butonuna tikla",
"Cl_Annu_Bouton_Selectionner": "Seç",
"Cl_Annu_Bouton_Select_alt": "Kişiyi seç",
"Cl_Annu_Bouton_Refuser_alt": "Seçili satirlari sil",
"Cl_Annu_Trop_resultat_titre": "Çok fazla sonuç",
"Cl_Annu_Trop_resultat": "Not, 100'den fazla sonuç bulundu. Lütfen aramanizi düzelt.",
"Cl_Annu_Trop_resultat2": "Not, 100'den fazla sonuç bulundu. Lütfen aramanizi düzelt.",
"Cl_Annu_Pas_resultat": "Aramaniz herhangi bir sonuç vermemektedir",
"Cl_Annu_Pas_ou_Trop_resultat":{
			"0":"Aradiginiz kriterlere ait sonuç yok ya da çok fazla sonuç var.",
			"1":"Lütfen bunları değiştirin"
},
"noResultats": "Sonuç yok",
"Individu": "Kisisel",
"Oui": "Evet",
"Non": "Hayır",
"TabOuiNon[0]": "Hayır",
"TabOuiNon[1]": "Evet",
"BoutonOrdonner": "Sırala",
"Caracteristique": "Karakteristik",
"Description": "Açıklama",
"Ordre": "Sipariş",
"ListeDesDonneesDeType": "Veri Tipi Listesi",
"RechercheDesDonnees": "Veri Araması",
"Etat": "Durum",
"Inactif": "Aktif değil",
"OrdonnerDesDonnees": "Veri siralamasi",
"EnregistrerOrdreDonnees": "Veri siparişini kaydet",
"Remonter_donnee": "Bu veriyi yükle",
"Descendre_donnee": "Bu veriyi indir",
"SaisieDesDonnees": 
		{
			"0":"Veriyi düzenle",
			"1":"Veri ekle"
		},
"ParDefaut": "Varsayilan veriyi seç",
"NomDonnee_Oblig": "- Dil verisini gir ",
"DescDonnee_1000max": "Dil tanimi 1000 karakterin üzerinde olacak sekilde dil verisi gir",
"sur": "Üzerinde",
"SelectDonneesPourAjoutOrdre": "Veri eklemeden veya sıralamadan önce ana veriyi seçiniz",
"UniteStructurelle": "Yapi birimi",
"US": "Organizasyon",
"UneUS": "Organizasyon",
"PrendreAussiEnCompte": "Dikkate al",
"SeletOrgFille": "bağlı birimler",
"DelUS": "Organizasyon için link",
"RatacheAuCCA": "Masraf yeri için link",
"ErreurJS": "Hata oluştu",
"de": "",
"CCA": "Masraf yeri",
"AutoriserCCA": "masraf yerine baglanan kisilere erisim sagla",
"Site": "Ülke",
"AutoriserSite": "Kişilere erişim sağlayın",
"Categorie": "personel türü",
"Categories": "personel türleri",
"AutoriserCategorie": "personel türlerine erisim sagla",
"SelectionnerCCA": "Bir masraf yeri seç",
"SelectionnerCCA_desc": "Masraf yeri numarası gir",
"AlerteCCAOblig": "Bir masraf yeri seçmelisiniz",
"SelectionnerUS_desc": "organizasyon ismini, yöneticisini ya da masraf yerini gir",
"DuGroupe": "grubun",
"DuCCA": "masraf yerinin",
"DeLOrganisation": "organizasyonunun",
"EtDeLOrganisationFille": "ve olusuma bagli",
"RestreindreSurOrgOUCCA": "Organizasyonda VEYA masraf yerinde",
"OrganisationOuCCA": "Organizasyon VEYA masraf yeri",
"RestreindreSurSiteCat": "Ülke ve/veya personel türleriyle filtreleyebilirsiniz.",
"SiteEtOuCat": "Ülke ve/veya personel türü",
"CentreDeCout": "Masraf yeri",
"RestreindreSurCentreDeCout": "Grubu masraf yerine göre filtrele",
"RestreindreSurOrg": "Organizasyon ile birlikte grubu filtrele",
"SelectionnerSite_desc": "İsminden ülke, şehri ya da API'yi ara ",
"AutorisatCommentair4": "Erişim sağlamak istediğiniz personel tipini ya da ülkeyi seçin",
"duSite": "Bulunan",
"DetailCCA": "masraf yeri detaylari",
"DuCCA": "masraf yeri linki",
"DetailSite": "Ülke detayları",
"DetailCategorie": "personel detaylarinin tipleri",
"EtapePrecedente": "Bir önceki adim",
"EtapePrecedente_Alt": "bir önceki adima geri dön",
"EtapeSuivante": "bir sonraki adim",
"EtapeSuivante_Alt": "bir sonraki adima git",
"AjouterDonnee": "veri ekle",
"OrdonnerDonnees": "Veriyi Sırala",
"AjoutFichier":"Dökuman ekle",
"DonneeExisteDejaAvecCetIntitule":"bu isimle bir veri mevcut",
"CDC": "CDC",
"Tel": "Telefon",
"BoutonAutreRecherche": "Baska arama",
"BoutonTerminer": "Bitir",
"BoutonExporter": "Disari aktar",
"BoutonExporterBrut": "",
"GeneriqueCopyright": "Version 1.0 &copy Etablissements Opérationnel d'Ile de France - RENAULT",
"Version": "Versiyon",
"EtablissementCopyright": "&copy Etablissements Opérationnel d'Ile de France - RENAULT",
"ChampOblig": "<strong class:\"RnoMandatory\">*</strong>",
"ChampOblig_alt": "Zorunlu alan",
"champOblig": "<strong class:\"RnoMandatory\">*</strong>",
"champOblig_alt": "Zorunlu alan",
"CreationProjet":"Project creation",
"ProjetVide":"Empty project",
"ProjetInit":"Existing project",
"AdditionalInfo":"Ek Bilgiler",
"total":"Toplam",
"Title":"Enter the title",
"responseTime":"Cevap zamanının",
"fixingTime":"İşlem süresinin",
"Tout": "Hepsi",
"region":"Bölge",
"ville":"Şehir",
"addPeople":"Kullanıcı Ekle",
"ProblemeAllocation":"Problem",
"DefaultLabelSite":"Bina seç",
"DefaultLabelContractMannger":"Sorumlu seç",
"DefaultLabelInterventionStatus":"Bir bildirim durumu seç",
"DefaultSelect":"Seç",
"Creee":"Yaratılmakta",
"Envoyee":"Gönderilmekte"
}