{"Module":[{"FeatureName":"applicationLogin_en","FeatureDescription":"Login validation","Flag":"NO"},{"FeatureName":"sitemanagement_en","FeatureDescription":"Sitemanagement page validations in enench Language","Flag":"NO"},{"FeatureName":"interventiontype_en","FeatureDescription":"Intervention type module in enench Language","Flag":"NO"},{"FeatureName":"interventionNature_en","FeatureDescription":"Intervention Nature module in enench Language","Flag":"NO"},{"FeatureName":"interventionLocation_en","FeatureDescription":"Intervention Location module in enench Language","Flag":"NO"},{"FeatureName":"managementLevel_en","FeatureDescription":"managementLevel module in enench Language","Flag":"NO"}]}
