{"Module":[{"FeatureName":"applicationLogin_fr","FeatureDescription":"Login validation","Flag":"Yes"},{"FeatureName":"sitemanagement_fr","FeatureDescription":"Sitemanagement page validations in French Language","Flag":"NO"},{"FeatureName":"interventiontype_fr","FeatureDescription":"Intervention type module in French Language","Flag":"NO"},{"FeatureName":"interventionNature_fr","FeatureDescription":"Intervention Nature module in French Language","Flag":"NO"},{"FeatureName":"interventionLocation_fr","FeatureDescription":"Intervention Location module in French Language","Flag":"NO"},{"FeatureName":"managementLevel_fr","FeatureDescription":"managementLevel module in French Language","Flag":"NO"},{"FeatureName":"managementresponse_fr","FeatureDescription":"management response time module in French Language","Flag":"NO"},{"FeatureName":"managementfixing","FeatureDescription":"management fixing tie module in French Language","Flag":"NO"}]}
