[
  {
    "keyword": "Feature",
    "name": "Create RFQ",
    "line": 1,
    "id": "create-rfq",
    "tags": [],
    "uri": "features\\Buyer\\CreateRFQ.feature",
    "elements": [
     
      {
        "id": "create-rfq",
        "keyword": "Scenario",
        "line": 8,
        "name": "Create RFQ",
        "tags": [],
        "type": "scenario",
        "steps": [
          {
            "keyword": "Before",
            "hidden": true,
            "match": {
              "location": "bin\\smartest\\cucumber_support\\hooks.js:43"
            },
            "result": {
              "status": "passed",
              "duration": 1000000
            }
          },
          {
            "arguments": [],
            "keyword": "Given ",
            "line": 9,
            "name": "I launch the ARFQ application",
            "match": {
              "location": "bin\\stepdefinitions\\Home.js:16"
            },
            "result": {
              "status": "passed",
              "duration": 6670000000
            }
          },
          {
            "arguments": [],
            "keyword": "When ",
            "line": 10,
            "name": "I Navigate to tile 'Create RFQ'",
            "match": {
              "location": "bin\\stepdefinitions\\Home.js:22"
            },
            "result": {
              "status": "passed",
              "duration": 1334000000
            }
          },
          {
            "arguments": [],
            "keyword": "When ",
            "line": 12,
            "name": "I Create a RFQ with AGD as \"AGD_DELEGATED\" and SAM as \"SAM_DELEGATED_AFS\"",
            "match": {
              "location": "bin\\stepdefinitions\\RFQ.js:29"
            },
            "result": {
              "status": "passed",
              "duration": 17697000000
            }
          },
          {
            "arguments": [],
            "keyword": "And ",
            "line": 14,
            "name": "Add Project Volume Estimation",
            "match": {
              "location": "bin\\stepdefinitions\\RFQ.js:52"
            },
            "result": {
              "status": "passed",
              "duration": 11680000000
            }
          },
          {
            "arguments": [],
            "keyword": "And ",
            "line": 16,
            "name": "Create a Part Detail & Mix for SAM perimeter as SAM as \"SAM_DELEGATED_AFS\"",
            "match": {
              "location": "bin\\stepdefinitions\\RFQ.js:88"
            },
            "result": {
              "status": "passed",
              "duration": 14521000000
            }
          },
          {
            "arguments": [],
            "keyword": "And ",
            "line": 17,
            "name": "Add \"QUINIO Julie\" as \"Purchasing\" Actor",
            "match": {
              "location": "bin\\stepdefinitions\\RFQ.js:109"
            },
            "result": {
              "status": "passed",
              "duration": 11609000000
            }
          },
          {
            "arguments": [],
            "keyword": "And ",
            "line": 18,
            "name": "Add Consultation Scenario",
            "match": {
              "location": "bin\\stepdefinitions\\RFQ.js:126"
            },
            "result": {
              "status": "passed",
              "duration": 4253000000
            }
          },
          {
            "arguments": [],
            "keyword": "And ",
            "line": 19,
            "name": "Add \"LANCEL SOGEDI\" as Suppliers Group and \"julie.quinio-extern@renault.com\" as Supplier Contact",
            "match": {
              "location": "bin\\stepdefinitions\\RFQ.js:133"
            },
            "result": {
              "status": "passed",
              "duration": 27868000000
            }
          },
          {
            "arguments": [],
            "keyword": "Then ",
            "line": 20,
            "name": "Verify Scenario is ready to send",
            "match": {
              "location": "bin\\stepdefinitions\\RFQ.js:164"
            },
            "result": {
              "status": "passed",
              "duration": 2296000000
            }
          },
          {
            "arguments": [],
            "keyword": "And ",
            "line": 21,
            "name": "Send Scenario to supplier",
            "match": {
              "location": "bin\\stepdefinitions\\RFQ.js:170"
            },
            "result": {
              "status": "passed",
              "duration": 6168000000
            }
          },
          {
            "keyword": "After",
            "hidden": true,
            "match": {
              "location": "bin\\smartest\\cucumber_support\\hooks.js:51"
            },
            "result": {
              "status": "passed",
              "duration": 1000000
            }
          },
          {
            "keyword": "After",
            "hidden": true,
            "match": {
              "location": "node_modules\\protractor-cucumber-framework\\lib\\resultsCapturer.js:27"
            },
            "result": {
              "status": "passed",
              "duration": 2000000
            }
          }
        ]
      }
    ]
  }
]