{
	"Project": [
		{
			"TagName": "projectName",
			"Tag": "Project"
		},
		{
			"TagName": "domainName",
			"Tag": "Domain"
		},
		{
			"TagName": "subDomain",
			"Tag": "Sub Domain"
		},
		{
			"TagName": "Platform",
			"Tag": "Platform"
		},
		{
			"TagName": "environment",
			"Tag": "Environment"
		},
		{
			"TagName": "language",
			"Tag": "Language"
		},
		{
			"TagName": "itrNo",
			"Tag": "IterationNo"
		},
		{
			"TagName": "startTime",
			"Tag": "Starttime"
		},
		{
			"TagName": "endTime",
			"Tag": "Endtime"
		},
		{
			"TagName": "executionTime",
			"Tag": "Executiontime"
		}
	],
	"ProjectStatus": [
		{
			"TotalModules": 0,
			"TotalSkippedCount": 0,
			"TotalNoRunCount": 0,
			"TotalFailedCount": 0,
			"TotalTestcases": 0,
			"TotalPassedCount": 0
		}
	],
	"Modules": []
}