[
  {
    "keyword": "Feature",
    "name": "Login validation with French language",
    "line": 1,
    "id": "login-validation-with-french-language",
    "tags": [],
    "uri": "features\\french\\applicationLogin_fr.feature",
    "elements": [
      {
        "id": "login-validation-with-french-language;login-to-travux-application",
        "keyword": "Scenario",
        "line": 11,
        "name": "Login to Travux application",
        "tags": [
          {
            "name": "@CucumberScenario",
            "line": 3
          }
        ],
        "type": "scenario",
        "steps": [
          {
            "keyword": "Before",
            "hidden": true,
            "match": {
              "location": "C:\\Users\\public\\workspace\\trvauto\\trv\\trv\\bin\\smartest\\support\\hooks.js:19"
            },
            "result": {
              "status": "passed",
              "duration": 1000000
            }
          },
          {
            "arguments": [],
            "keyword": "Given ",
            "line": 5,
            "name": "Launch the Travux Application in \"French\"",
            "match": {
              "location": "C:\\Users\\public\\workspace\\trvauto\\trv\\trv\\bin\\stepdefinitions\\loginflow.js:28"
            },
            "result": {
              "status": "failed",
              "duration": 20008000000,
              "error_message": "Error: function timed out, ensure the promise resolves within 20000 milliseconds\n    at Timeout._onTimeout (C:\\Users\\public\\workspace\\trvauto\\trv\\trv\\node_modules\\cucumber\\src\\user_code_runner.js:61:18)\n    at listOnTimeout (internal/timers.js:551:17)\n    at processTimers (internal/timers.js:494:7)"
            }
          },
          {
            "arguments": [],
            "keyword": "Then ",
            "line": 7,
            "name": "Close the footer notification",
            "match": {
              "location": "C:\\Users\\public\\workspace\\trvauto\\trv\\trv\\bin\\stepdefinitions\\loginflow.js:79"
            },
            "result": {
              "status": "skipped"
            }
          },
          {
            "keyword": "After",
            "hidden": true,
            "match": {
              "location": "C:\\Users\\public\\workspace\\trvauto\\trv\\trv\\bin\\smartest\\support\\hooks.js:21"
            },
            "result": {
              "status": "failed",
              "duration": 5013000000,
              "error_message": "Error: function timed out, ensure the promise resolves within 5000 milliseconds\n    at Timeout._onTimeout (C:\\Users\\public\\workspace\\trvauto\\trv\\trv\\node_modules\\cucumber\\src\\user_code_runner.js:61:18)\n    at listOnTimeout (internal/timers.js:551:17)\n    at processTimers (internal/timers.js:494:7)"
            }
          },
          {
            "keyword": "After",
            "hidden": true,
            "match": {
              "location": "C:\\Users\\public\\workspace\\trvauto\\trv\\trv\\node_modules\\protractor-cucumber-framework\\lib\\resultsCapturer.js:25"
            },
            "result": {
              "status": "passed",
              "duration": 2000000
            }
          }
        ]
      }
    ]
  }
]