[
  {
    "keyword": "Feature",
    "name": "Sitemanagement module in French Language",
    "line": 1,
    "id": "sitemanagement-module-in-french-language",
    "tags": [],
    "uri": "features\\french\\sitemanagement_fr.feature",
    "elements": [
      {
        "id": "sitemanagement-module-in-french-language;validating-the-labels-in-the-adminstration-page",
        "keyword": "Scenario",
        "line": 16,
        "name": "Validating the labels in the Adminstration page",
        "tags": [
          {
            "name": "@CucumberScenario",
            "line": 6
          }
        ],
        "type": "scenario",
        "steps": [
          {
            "keyword": "Before",
            "hidden": true,
            "match": {
              "location": "C:\\Users\\public\\workspace\\trvauto\\trv\\trv\\bin\\smartest\\support\\hooks.js:20"
            },
            "result": {
              "status": "passed",
              "duration": 2000000
            }
          },
          {
            "arguments": [],
            "keyword": "When ",
            "line": 9,
            "name": "Adminstration page is launched in \"French\"",
            "match": {
              "location": "C:\\Users\\public\\workspace\\trvauto\\trv\\trv\\bin\\stepdefinitions\\sitemanagement.js:39"
            },
            "result": {
              "status": "passed",
              "duration": 3599000000
            }
          },
          {
            "arguments": [],
            "keyword": "Then ",
            "line": 11,
            "name": "Validate all the labels in the Adminstration Home Page",
            "match": {
              "location": "C:\\Users\\public\\workspace\\trvauto\\trv\\trv\\bin\\stepdefinitions\\sitemanagement.js:56"
            },
            "result": {
              "status": "passed",
              "duration": 3031000000
            }
          },
          {
            "arguments": [],
            "keyword": "Then ",
            "line": 12,
            "name": "Click on the site management sub menu link",
            "match": {
              "location": "C:\\Users\\public\\workspace\\trvauto\\trv\\trv\\bin\\stepdefinitions\\sitemanagement.js:60"
            },
            "result": {
              "status": "passed",
              "duration": 5021000000
            }
          },
          {
            "arguments": [],
            "keyword": "Then ",
            "line": 13,
            "name": "Validate all the labels in the site management Home page",
            "match": {
              "location": "C:\\Users\\public\\workspace\\trvauto\\trv\\trv\\bin\\stepdefinitions\\sitemanagement.js:64"
            },
            "result": {
              "status": "passed",
              "duration": 4006000000
            }
          },
          {
            "keyword": "After",
            "hidden": true,
            "match": {
              "location": "C:\\Users\\public\\workspace\\trvauto\\trv\\trv\\bin\\smartest\\support\\hooks.js:22"
            },
            "result": {
              "status": "passed",
              "duration": 1000000
            }
          },
          {
            "keyword": "After",
            "hidden": true,
            "match": {
              "location": "C:\\Users\\public\\workspace\\trvauto\\trv\\trv\\node_modules\\protractor-cucumber-framework\\lib\\resultsCapturer.js:25"
            },
            "result": {
              "status": "passed",
              "duration": 3000000
            }
          }
        ]
      },
      {
        "id": "sitemanagement-module-in-french-language;validating-the-all-and-active-and-inactive-option-in-the-sitemanagement-page",
        "keyword": "Scenario",
        "line": 20,
        "name": "Validating the All and Active and Inactive Option in the Sitemanagement page",
        "tags": [
          {
            "name": "@CucumberScenario",
            "line": 19
          }
        ],
        "type": "scenario",
        "steps": [
          {
            "keyword": "Before",
            "hidden": true,
            "match": {
              "location": "C:\\Users\\public\\workspace\\trvauto\\trv\\trv\\bin\\smartest\\support\\hooks.js:20"
            },
            "result": {
              "status": "passed",
              "duration": 1000000
            }
          },
          {
            "arguments": [],
            "keyword": "When ",
            "line": 21,
            "name": "User Select on the Active radio button",
            "match": {
              "location": "C:\\Users\\public\\workspace\\trvauto\\trv\\trv\\bin\\stepdefinitions\\sitemanagement.js:121"
            },
            "result": {
              "status": "passed",
              "duration": 3076000000
            }
          },
          {
            "arguments": [],
            "keyword": "Then ",
            "line": 22,
            "name": "Active button should be Selected",
            "match": {
              "location": "C:\\Users\\public\\workspace\\trvauto\\trv\\trv\\bin\\stepdefinitions\\sitemanagement.js:147"
            },
            "result": {
              "status": "passed",
              "duration": 2000000
            }
          },
          {
            "arguments": [],
            "keyword": "Then ",
            "line": 23,
            "name": "Page should be refreshed and displayed only active status records in the result grid",
            "match": {
              "location": "C:\\Users\\public\\workspace\\trvauto\\trv\\trv\\bin\\stepdefinitions\\sitemanagement.js:143"
            },
            "result": {
              "status": "passed",
              "duration": 3011000000
            }
          },
          {
            "arguments": [],
            "keyword": "When ",
            "line": 24,
            "name": "User click on the InActive radio Button",
            "match": {
              "location": "C:\\Users\\public\\workspace\\trvauto\\trv\\trv\\bin\\stepdefinitions\\sitemanagement.js:129"
            },
            "result": {
              "status": "passed",
              "duration": 3018000000
            }
          },
          {
            "arguments": [],
            "keyword": "Then ",
            "line": 25,
            "name": "INActive button should be Selected",
            "match": {
              "location": "C:\\Users\\public\\workspace\\trvauto\\trv\\trv\\bin\\stepdefinitions\\sitemanagement.js:141"
            },
            "result": {
              "status": "passed",
              "duration": 4000000
            }
          },
          {
            "arguments": [],
            "keyword": "Then ",
            "line": 26,
            "name": "Page should be refreshed and displayed only INactive ststus records in the result grid",
            "match": {
              "location": "C:\\Users\\public\\workspace\\trvauto\\trv\\trv\\bin\\stepdefinitions\\sitemanagement.js:133"
            },
            "result": {
              "status": "passed",
              "duration": 3014000000
            }
          },
          {
            "keyword": "After",
            "hidden": true,
            "match": {
              "location": "C:\\Users\\public\\workspace\\trvauto\\trv\\trv\\bin\\smartest\\support\\hooks.js:22"
            },
            "result": {
              "status": "passed",
              "duration": 1000000
            }
          },
          {
            "keyword": "After",
            "hidden": true,
            "match": {
              "location": "C:\\Users\\public\\workspace\\trvauto\\trv\\trv\\node_modules\\protractor-cucumber-framework\\lib\\resultsCapturer.js:25"
            },
            "result": {
              "status": "passed",
              "duration": 3000000
            }
          }
        ]
      },
      {
        "id": "sitemanagement-module-in-french-language;validating-the-cancel-operation-in-the-sitemanagement-page",
        "keyword": "Scenario",
        "line": 29,
        "name": "Validating the Cancel Operation in the SiteManagement page",
        "tags": [
          {
            "name": "@CucumberScenario",
            "line": 28
          }
        ],
        "type": "scenario",
        "steps": [
          {
            "keyword": "Before",
            "hidden": true,
            "match": {
              "location": "C:\\Users\\public\\workspace\\trvauto\\trv\\trv\\bin\\smartest\\support\\hooks.js:20"
            },
            "result": {
              "status": "passed",
              "duration": 1000000
            }
          },
          {
            "arguments": [],
            "keyword": "When ",
            "line": 30,
            "name": "user click on the cancel button",
            "match": {
              "location": "C:\\Users\\public\\workspace\\trvauto\\trv\\trv\\bin\\stepdefinitions\\sitemanagement.js:68"
            },
            "result": {
              "status": "passed",
              "duration": 4009000000
            }
          },
          {
            "arguments": [],
            "keyword": "Then ",
            "line": 31,
            "name": "System should be redirected to the Adminstration Homepage",
            "match": {
              "location": "C:\\Users\\public\\workspace\\trvauto\\trv\\trv\\bin\\stepdefinitions\\sitemanagement.js:52"
            },
            "result": {
              "status": "passed",
              "duration": 4088000000
            }
          },
          {
            "arguments": [],
            "keyword": "Then ",
            "line": 32,
            "name": "Click on the site management sub menu link",
            "match": {
              "location": "C:\\Users\\public\\workspace\\trvauto\\trv\\trv\\bin\\stepdefinitions\\sitemanagement.js:60"
            },
            "result": {
              "status": "passed",
              "duration": 5027000000
            }
          },
          {
            "keyword": "After",
            "hidden": true,
            "match": {
              "location": "C:\\Users\\public\\workspace\\trvauto\\trv\\trv\\bin\\smartest\\support\\hooks.js:22"
            },
            "result": {
              "status": "passed",
              "duration": 2000000
            }
          },
          {
            "keyword": "After",
            "hidden": true,
            "match": {
              "location": "C:\\Users\\public\\workspace\\trvauto\\trv\\trv\\node_modules\\protractor-cucumber-framework\\lib\\resultsCapturer.js:25"
            },
            "result": {
              "status": "passed",
              "duration": 4000000
            }
          }
        ]
      },
      {
        "id": "sitemanagement-module-in-french-language;validating-the-cancel-operation-in-the-sorting-page",
        "keyword": "Scenario",
        "line": 35,
        "name": "Validating the cancel Operation in the sorting page",
        "tags": [
          {
            "name": "@CucumberScenario",
            "line": 34
          }
        ],
        "type": "scenario",
        "steps": [
          {
            "keyword": "Before",
            "hidden": true,
            "match": {
              "location": "C:\\Users\\public\\workspace\\trvauto\\trv\\trv\\bin\\smartest\\support\\hooks.js:20"
            },
            "result": {
              "status": "passed",
              "duration": 1000000
            }
          },
          {
            "arguments": [],
            "keyword": "When ",
            "line": 36,
            "name": "user click on the Sort button and verify the sort page launched",
            "match": {
              "location": "C:\\Users\\public\\workspace\\trvauto\\trv\\trv\\bin\\stepdefinitions\\sitemanagement.js:80"
            },
            "result": {
              "status": "passed",
              "duration": 6725000000
            }
          },
          {
            "arguments": [],
            "keyword": "Then ",
            "line": 37,
            "name": "Verify whether System should be Navigate to the data sequencing page",
            "match": {
              "location": "C:\\Users\\public\\workspace\\trvauto\\trv\\trv\\bin\\stepdefinitions\\sitemanagement.js:92"
            },
            "result": {
              "status": "passed",
              "duration": 2082000000
            }
          },
          {
            "arguments": [],
            "keyword": "Then ",
            "line": 38,
            "name": "Click on the Cancel button and  validate the page redirect to Sitemanagement page",
            "match": {
              "location": "C:\\Users\\public\\workspace\\trvauto\\trv\\trv\\bin\\stepdefinitions\\sitemanagement.js:115"
            },
            "result": {
              "status": "passed",
              "duration": 5017000000
            }
          },
          {
            "keyword": "After",
            "hidden": true,
            "match": {
              "location": "C:\\Users\\public\\workspace\\trvauto\\trv\\trv\\bin\\smartest\\support\\hooks.js:22"
            },
            "result": {
              "status": "passed",
              "duration": 3000000
            }
          },
          {
            "keyword": "After",
            "hidden": true,
            "match": {
              "location": "C:\\Users\\public\\workspace\\trvauto\\trv\\trv\\node_modules\\protractor-cucumber-framework\\lib\\resultsCapturer.js:25"
            },
            "result": {
              "status": "passed",
              "duration": 3000000
            }
          }
        ]
      },
      {
        "id": "sitemanagement-module-in-french-language;validating-the-data-in-the-data-sequencing-page",
        "keyword": "Scenario",
        "line": 41,
        "name": "Validating the data in the data sequencing page",
        "tags": [
          {
            "name": "@CucumberScenario",
            "line": 40
          }
        ],
        "type": "scenario",
        "steps": [
          {
            "keyword": "Before",
            "hidden": true,
            "match": {
              "location": "C:\\Users\\public\\workspace\\trvauto\\trv\\trv\\bin\\smartest\\support\\hooks.js:20"
            },
            "result": {
              "status": "passed"
            }
          },
          {
            "arguments": [],
            "keyword": "When ",
            "line": 42,
            "name": "user click on the Sort button and verify the sort page launched",
            "match": {
              "location": "C:\\Users\\public\\workspace\\trvauto\\trv\\trv\\bin\\stepdefinitions\\sitemanagement.js:80"
            },
            "result": {
              "status": "passed",
              "duration": 6560000000
            }
          },
          {
            "arguments": [],
            "keyword": "Then ",
            "line": 43,
            "name": "System should be Navigate to the data sequencing page and verify the data population",
            "match": {
              "location": "C:\\Users\\public\\workspace\\trvauto\\trv\\trv\\bin\\stepdefinitions\\sitemanagement.js:98"
            },
            "result": {
              "status": "passed",
              "duration": 4205000000
            }
          },
          {
            "keyword": "After",
            "hidden": true,
            "match": {
              "location": "C:\\Users\\public\\workspace\\trvauto\\trv\\trv\\bin\\smartest\\support\\hooks.js:22"
            },
            "result": {
              "status": "passed"
            }
          },
          {
            "keyword": "After",
            "hidden": true,
            "match": {
              "location": "C:\\Users\\public\\workspace\\trvauto\\trv\\trv\\node_modules\\protractor-cucumber-framework\\lib\\resultsCapturer.js:25"
            },
            "result": {
              "status": "passed"
            }
          }
        ]
      },
      {
        "id": "sitemanagement-module-in-french-language;validating-the-changing-the-order-of-data-in-the-data-sequencing-page",
        "keyword": "Scenario",
        "line": 46,
        "name": "Validating the changing the order of data in the data sequencing page",
        "tags": [
          {
            "name": "@CucumberScenario",
            "line": 45
          }
        ],
        "type": "scenario",
        "steps": [
          {
            "keyword": "Before",
            "hidden": true,
            "match": {
              "location": "C:\\Users\\public\\workspace\\trvauto\\trv\\trv\\bin\\smartest\\support\\hooks.js:20"
            },
            "result": {
              "status": "passed"
            }
          },
          {
            "arguments": [],
            "keyword": "When ",
            "line": 47,
            "name": "user click on the Sort button and verify the sort page launched",
            "match": {
              "location": "C:\\Users\\public\\workspace\\trvauto\\trv\\trv\\bin\\stepdefinitions\\sitemanagement.js:80"
            },
            "result": {
              "status": "passed",
              "duration": 11226000000
            }
          },
          {
            "arguments": [],
            "keyword": "Then ",
            "line": 48,
            "name": "Verify whether System should be Navigate to the data sequencing page",
            "match": {
              "location": "C:\\Users\\public\\workspace\\trvauto\\trv\\trv\\bin\\stepdefinitions\\sitemanagement.js:92"
            },
            "result": {
              "status": "passed",
              "duration": 2125000000
            }
          },
          {
            "arguments": [],
            "keyword": "Then ",
            "line": 49,
            "name": "Change the values in the sorting selection",
            "match": {
              "location": "C:\\Users\\public\\workspace\\trvauto\\trv\\trv\\bin\\stepdefinitions\\sitemanagement.js:105"
            },
            "result": {
              "status": "passed",
              "duration": 10787000000
            }
          },
          {
            "keyword": "After",
            "hidden": true,
            "match": {
              "location": "C:\\Users\\public\\workspace\\trvauto\\trv\\trv\\bin\\smartest\\support\\hooks.js:22"
            },
            "result": {
              "status": "passed",
              "duration": 1000000
            }
          },
          {
            "keyword": "After",
            "hidden": true,
            "match": {
              "location": "C:\\Users\\public\\workspace\\trvauto\\trv\\trv\\node_modules\\protractor-cucumber-framework\\lib\\resultsCapturer.js:25"
            },
            "result": {
              "status": "passed",
              "duration": 1000000
            }
          }
        ]
      },
      {
        "id": "sitemanagement-module-in-french-language;validating-the-cancel-operation-in-the-sitemanagement-creation-page",
        "keyword": "Scenario",
        "line": 60,
        "name": "Validating the Cancel Operation in the SiteManagement Creation page",
        "tags": [
          {
            "name": "@CucumberScenario",
            "line": 59
          }
        ],
        "type": "scenario",
        "steps": [
          {
            "keyword": "Before",
            "hidden": true,
            "match": {
              "location": "C:\\Users\\public\\workspace\\trvauto\\trv\\trv\\bin\\smartest\\support\\hooks.js:20"
            },
            "result": {
              "status": "passed"
            }
          },
          {
            "arguments": [],
            "keyword": "Given ",
            "line": 61,
            "name": "click on the Add button",
            "match": {
              "location": "C:\\Users\\public\\workspace\\trvauto\\trv\\trv\\bin\\stepdefinitions\\sitemanagement.js:195"
            },
            "result": {
              "status": "passed",
              "duration": 4377000000
            }
          },
          {
            "arguments": [],
            "keyword": "Then ",
            "line": 62,
            "name": "Verify whether Sitemanagement Creation page is launched",
            "match": {
              "location": "C:\\Users\\public\\workspace\\trvauto\\trv\\trv\\bin\\stepdefinitions\\sitemanagement.js:229"
            },
            "result": {
              "status": "passed",
              "duration": 2167000000
            }
          },
          {
            "arguments": [],
            "keyword": "Then ",
            "line": 63,
            "name": "Click on the Cancel button in the Sitemanagement Creation page",
            "match": {
              "location": "C:\\Users\\public\\workspace\\trvauto\\trv\\trv\\bin\\stepdefinitions\\sitemanagement.js:236"
            },
            "result": {
              "status": "passed",
              "duration": 2033000000
            }
          },
          {
            "arguments": [],
            "keyword": "Then ",
            "line": 64,
            "name": "Verify Whether Sitemanagement Search page is launched",
            "match": {
              "location": "C:\\Users\\public\\workspace\\trvauto\\trv\\trv\\bin\\stepdefinitions\\sitemanagement.js:225"
            },
            "result": {
              "status": "passed",
              "duration": 2009000000
            }
          },
          {
            "keyword": "After",
            "hidden": true,
            "match": {
              "location": "C:\\Users\\public\\workspace\\trvauto\\trv\\trv\\bin\\smartest\\support\\hooks.js:22"
            },
            "result": {
              "status": "passed",
              "duration": 2000000
            }
          },
          {
            "keyword": "After",
            "hidden": true,
            "match": {
              "location": "C:\\Users\\public\\workspace\\trvauto\\trv\\trv\\node_modules\\protractor-cucumber-framework\\lib\\resultsCapturer.js:25"
            },
            "result": {
              "status": "passed",
              "duration": 2000000
            }
          }
        ]
      },
      {
        "id": "sitemanagement-module-in-french-language;creating-new-site-and-verifying-whether-it-is-created",
        "keyword": "Scenario",
        "line": 67,
        "name": "Creating New Site and Verifying whether it is created",
        "tags": [
          {
            "name": "@CucumberScenario",
            "line": 66
          }
        ],
        "type": "scenario",
        "steps": [
          {
            "keyword": "Before",
            "hidden": true,
            "match": {
              "location": "C:\\Users\\public\\workspace\\trvauto\\trv\\trv\\bin\\smartest\\support\\hooks.js:20"
            },
            "result": {
              "status": "passed",
              "duration": 1000000
            }
          },
          {
            "arguments": [],
            "keyword": "Given ",
            "line": 68,
            "name": "click on the Add button",
            "match": {
              "location": "C:\\Users\\public\\workspace\\trvauto\\trv\\trv\\bin\\stepdefinitions\\sitemanagement.js:195"
            },
            "result": {
              "status": "passed",
              "duration": 4282000000
            }
          },
          {
            "arguments": [],
            "keyword": "When ",
            "line": 69,
            "name": "Fill all the mandatory fields in the Add page",
            "match": {
              "location": "C:\\Users\\public\\workspace\\trvauto\\trv\\trv\\bin\\stepdefinitions\\sitemanagement.js:201"
            },
            "result": {
              "status": "passed",
              "duration": 4615000000
            }
          },
          {
            "arguments": [],
            "keyword": "Then ",
            "line": 70,
            "name": "click on the save Button in the add form",
            "match": {
              "location": "C:\\Users\\public\\workspace\\trvauto\\trv\\trv\\bin\\stepdefinitions\\sitemanagement.js:205"
            },
            "result": {
              "status": "passed",
              "duration": 4010000000
            }
          },
          {
            "arguments": [],
            "keyword": "Then ",
            "line": 71,
            "name": "verify page redirected to the sitemanagement Homepage",
            "match": {
              "location": "C:\\Users\\public\\workspace\\trvauto\\trv\\trv\\bin\\stepdefinitions\\sitemanagement.js:211"
            },
            "result": {
              "status": "passed",
              "duration": 2128000000
            }
          },
          {
            "arguments": [],
            "keyword": "Then ",
            "line": 72,
            "name": "verify the created record in the Sitemanagement reslt grid page",
            "match": {
              "location": "C:\\Users\\public\\workspace\\trvauto\\trv\\trv\\bin\\stepdefinitions\\sitemanagement.js:215"
            },
            "result": {
              "status": "passed",
              "duration": 4951000000
            }
          },
          {
            "keyword": "After",
            "hidden": true,
            "match": {
              "location": "C:\\Users\\public\\workspace\\trvauto\\trv\\trv\\bin\\smartest\\support\\hooks.js:22"
            },
            "result": {
              "status": "passed"
            }
          },
          {
            "keyword": "After",
            "hidden": true,
            "match": {
              "location": "C:\\Users\\public\\workspace\\trvauto\\trv\\trv\\node_modules\\protractor-cucumber-framework\\lib\\resultsCapturer.js:25"
            },
            "result": {
              "status": "passed",
              "duration": 1000000
            }
          }
        ]
      },
      {
        "id": "sitemanagement-module-in-french-language;modifying-the-site-and-verifying-whether-it-is-modified",
        "keyword": "Scenario",
        "line": 75,
        "name": "Modifying the Site and Verifying whether it is Modified",
        "tags": [
          {
            "name": "@CucumberScenario",
            "line": 74
          }
        ],
        "type": "scenario",
        "steps": [
          {
            "keyword": "Before",
            "hidden": true,
            "match": {
              "location": "C:\\Users\\public\\workspace\\trvauto\\trv\\trv\\bin\\smartest\\support\\hooks.js:20"
            },
            "result": {
              "status": "passed",
              "duration": 1000000
            }
          },
          {
            "arguments": [],
            "keyword": "Given ",
            "line": 76,
            "name": "click on the created site hyperlink",
            "match": {
              "location": "C:\\Users\\public\\workspace\\trvauto\\trv\\trv\\bin\\stepdefinitions\\sitemanagement.js:241"
            },
            "result": {
              "status": "passed",
              "duration": 4377000000
            }
          },
          {
            "arguments": [],
            "keyword": "Then ",
            "line": 77,
            "name": "Verify  the modify page with header label",
            "match": {
              "location": "C:\\Users\\public\\workspace\\trvauto\\trv\\trv\\bin\\stepdefinitions\\sitemanagement.js:248"
            },
            "result": {
              "status": "passed",
              "duration": 2129000000
            }
          },
          {
            "arguments": [],
            "keyword": "When ",
            "line": 78,
            "name": "user modified  some of the fields",
            "match": {
              "location": "C:\\Users\\public\\workspace\\trvauto\\trv\\trv\\bin\\stepdefinitions\\sitemanagement.js:254"
            },
            "result": {
              "status": "passed",
              "duration": 6631000000
            }
          },
          {
            "arguments": [],
            "keyword": "Then ",
            "line": 79,
            "name": "click on the save Button in the add form",
            "match": {
              "location": "C:\\Users\\public\\workspace\\trvauto\\trv\\trv\\bin\\stepdefinitions\\sitemanagement.js:205"
            },
            "result": {
              "status": "passed",
              "duration": 4011000000
            }
          },
          {
            "arguments": [],
            "keyword": "Then ",
            "line": 80,
            "name": "verify page redirected to the sitemanagement Homepage",
            "match": {
              "location": "C:\\Users\\public\\workspace\\trvauto\\trv\\trv\\bin\\stepdefinitions\\sitemanagement.js:211"
            },
            "result": {
              "status": "passed",
              "duration": 2463000000
            }
          },
          {
            "arguments": [],
            "keyword": "Then ",
            "line": 81,
            "name": "Now verify the modified created when modified fields are modified succesfuly",
            "match": {
              "location": "C:\\Users\\public\\workspace\\trvauto\\trv\\trv\\bin\\stepdefinitions\\sitemanagement.js:258"
            },
            "result": {
              "status": "passed",
              "duration": 2689000000
            }
          },
          {
            "keyword": "After",
            "hidden": true,
            "match": {
              "location": "C:\\Users\\public\\workspace\\trvauto\\trv\\trv\\bin\\smartest\\support\\hooks.js:22"
            },
            "result": {
              "status": "passed",
              "duration": 1000000
            }
          },
          {
            "keyword": "After",
            "hidden": true,
            "match": {
              "location": "C:\\Users\\public\\workspace\\trvauto\\trv\\trv\\node_modules\\protractor-cucumber-framework\\lib\\resultsCapturer.js:25"
            },
            "result": {
              "status": "passed",
              "duration": 2000000
            }
          }
        ]
      },
      {
        "id": "sitemanagement-module-in-french-language;creating-new-site-with-inactive-status-and-verifying-whether-it-is-created",
        "keyword": "Scenario",
        "line": 84,
        "name": "Creating New Site with inactive status and Verifying whether it is created",
        "tags": [
          {
            "name": "@CucumberScenario",
            "line": 83
          }
        ],
        "type": "scenario",
        "steps": [
          {
            "keyword": "Before",
            "hidden": true,
            "match": {
              "location": "C:\\Users\\public\\workspace\\trvauto\\trv\\trv\\bin\\smartest\\support\\hooks.js:20"
            },
            "result": {
              "status": "passed",
              "duration": 1000000
            }
          },
          {
            "arguments": [],
            "keyword": "Given ",
            "line": 85,
            "name": "click on the Add button",
            "match": {
              "location": "C:\\Users\\public\\workspace\\trvauto\\trv\\trv\\bin\\stepdefinitions\\sitemanagement.js:195"
            },
            "result": {
              "status": "passed",
              "duration": 4361000000
            }
          },
          {
            "arguments": [],
            "keyword": "When ",
            "line": 86,
            "name": "Fill all the mandatory fields in the Add page",
            "match": {
              "location": "C:\\Users\\public\\workspace\\trvauto\\trv\\trv\\bin\\stepdefinitions\\sitemanagement.js:201"
            },
            "result": {
              "status": "passed",
              "duration": 4552000000
            }
          },
          {
            "arguments": [],
            "keyword": "Then ",
            "line": 87,
            "name": "Click on the status as NO",
            "match": {
              "location": "C:\\Users\\public\\workspace\\trvauto\\trv\\trv\\bin\\stepdefinitions\\sitemanagement.js:266"
            },
            "result": {
              "status": "passed",
              "duration": 2252000000
            }
          },
          {
            "arguments": [],
            "keyword": "Then ",
            "line": 88,
            "name": "click on the save Button in the add form",
            "match": {
              "location": "C:\\Users\\public\\workspace\\trvauto\\trv\\trv\\bin\\stepdefinitions\\sitemanagement.js:205"
            },
            "result": {
              "status": "passed",
              "duration": 4006000000
            }
          },
          {
            "arguments": [],
            "keyword": "Then ",
            "line": 89,
            "name": "verify page redirected to the sitemanagement Homepage",
            "match": {
              "location": "C:\\Users\\public\\workspace\\trvauto\\trv\\trv\\bin\\stepdefinitions\\sitemanagement.js:211"
            },
            "result": {
              "status": "passed",
              "duration": 2139000000
            }
          },
          {
            "arguments": [],
            "keyword": "Then ",
            "line": 90,
            "name": "verify the created record in the Sitemanagement reslt grid page",
            "match": {
              "location": "C:\\Users\\public\\workspace\\trvauto\\trv\\trv\\bin\\stepdefinitions\\sitemanagement.js:215"
            },
            "result": {
              "status": "passed",
              "duration": 4947000000
            }
          },
          {
            "arguments": [],
            "keyword": "Then ",
            "line": 91,
            "name": "Verify the status of new record should be inactive",
            "match": {
              "location": "C:\\Users\\public\\workspace\\trvauto\\trv\\trv\\bin\\stepdefinitions\\sitemanagement.js:270"
            },
            "result": {
              "status": "passed",
              "duration": 2169000000
            }
          },
          {
            "keyword": "After",
            "hidden": true,
            "match": {
              "location": "C:\\Users\\public\\workspace\\trvauto\\trv\\trv\\bin\\smartest\\support\\hooks.js:22"
            },
            "result": {
              "status": "passed"
            }
          },
          {
            "keyword": "After",
            "hidden": true,
            "match": {
              "location": "C:\\Users\\public\\workspace\\trvauto\\trv\\trv\\node_modules\\protractor-cucumber-framework\\lib\\resultsCapturer.js:25"
            },
            "result": {
              "status": "passed",
              "duration": 1000000
            }
          }
        ]
      }
    ]
  }
]