[
  {
    "keyword": "Feature",
    "name": "Login validation with English language",
    "line": 1,
    "id": "login-validation-with-english-language",
    "tags": [],
    "uri": "features\\english\\applicationLogin.feature",
    "elements": [
      {
        "id": "login-validation-with-english-language;login-to-travux-application",
        "keyword": "Scenario",
        "line": 11,
        "name": "Login to Travux application",
        "tags": [
          {
            "name": "@CucumberScenario",
            "line": 3
          }
        ],
        "type": "scenario",
        "steps": [
          {
            "keyword": "Before",
            "hidden": true,
            "match": {
              "location": "C:\\Users\\public\\workspace\\trvauto\\trv\\trv\\bin\\smartest\\support\\hooks.js:20"
            },
            "result": {
              "status": "passed",
              "duration": 2000000
            }
          },
          {
            "arguments": [],
            "keyword": "Given ",
            "line": 5,
            "name": "Launch the Travux Application in \"English\"",
            "match": {
              "location": "C:\\Users\\public\\workspace\\trvauto\\trv\\trv\\bin\\stepdefinitions\\loginflow.js:27"
            },
            "result": {
              "status": "passed",
              "duration": 5380000000
            }
          },
          {
            "keyword": "After",
            "hidden": true,
            "match": {
              "location": "C:\\Users\\public\\workspace\\trvauto\\trv\\trv\\bin\\smartest\\support\\hooks.js:22"
            },
            "result": {
              "status": "passed",
              "duration": 1000000
            }
          },
          {
            "keyword": "After",
            "hidden": true,
            "match": {
              "location": "C:\\Users\\public\\workspace\\trvauto\\trv\\trv\\node_modules\\protractor-cucumber-framework\\lib\\resultsCapturer.js:25"
            },
            "result": {
              "status": "passed",
              "duration": 1000000
            }
          }
        ]
      }
    ]
  }
]